dist_from_home,dist_from_last_transaction,ratio_to_median_price,repeat_retailer,used_chip,used_pin,online_order,fraud
0.9295093937566598,1.2964768586923463,0.3611102794356013,0.0,0.0,0.0,1.0,0.0
0.6111790704933125,0.2082946114454348,3.1188842314858345,0.0,0.0,0.0,1.0,0.0
3.9560620265777664,0.5291937367177079,1.5799421059872416,1.0,0.0,0.0,0.0,0.0
21.79890208948313,0.0193992999052106,11.416909439611445,1.0,0.0,0.0,0.0,0.0
3.31063464301924,1.7078017549640825,2.028914977130713,1.0,0.0,0.0,0.0,0.0
7.57612316537179,0.3492732126208726,1.0847749185536872,1.0,1.0,0.0,0.0,0.0
241.8236233242445,0.1313012130698842,0.330608795072404,1.0,0.0,0.0,0.0,0.0
3.6469527605804273,0.4022415271811319,0.1115965660808841,1.0,1.0,0.0,1.0,0.0
58.5216981643032,0.6747231268879464,0.3469507813199377,1.0,1.0,0.0,1.0,0.0
131.56029999005267,1.8798586040689265,0.5761089559751786,1.0,0.0,0.0,1.0,1.0
18.077188735166708,0.6578445716994075,2.408504376466572,1.0,0.0,0.0,1.0,0.0
13.326826995854455,0.6267120284433659,0.9324433160376864,1.0,1.0,0.0,1.0,0.0
19.297991096280665,0.982810133601142,0.3978794862417263,1.0,0.0,0.0,1.0,0.0
14.853640028884552,0.1459200221294086,4.8024808142909725,1.0,0.0,0.0,0.0,0.0
3.2679274494769626,0.5868056723618188,0.0481099271242417,1.0,0.0,0.0,1.0,0.0
3.0784122788931305,0.5148187562530213,2.1238018041474214,1.0,0.0,0.0,1.0,0.0
8.926649665847668,7.410939082765922,3.8846112369144423,1.0,1.0,0.0,0.0,0.0
9.433337435080867,0.1285751000538341,0.6757134190891713,1.0,1.0,0.0,0.0,0.0
396.77759068345904,28.23457849954513,0.8281158230721434,1.0,1.0,0.0,1.0,0.0
8.235715190444838,0.0878861101006455,0.5740192013089946,1.0,0.0,0.0,0.0,0.0
11.546200723685502,0.5638553234672024,2.7128152174380125,1.0,1.0,0.0,1.0,0.0
2.1096695928077294,0.0373758415794986,1.7715744321592852,1.0,1.0,0.0,0.0,0.0
1.3936528228854426,1.5582290854757903,0.5654032491556671,0.0,0.0,1.0,1.0,0.0
7.881437713236532,1.34069559190529,0.5461881856780281,1.0,0.0,0.0,1.0,0.0
37.46134424748294,3.626013907193897,0.0738715878335207,1.0,1.0,0.0,1.0,0.0
10.050067300630806,1.0156522973821618,1.6975981961871065,1.0,0.0,0.0,0.0,0.0
9.225570696891031,0.3705691399060262,1.5340189649659803,1.0,0.0,0.0,0.0,0.0
7.215614760287386,0.3261222942866882,0.1129007389062418,1.0,0.0,0.0,1.0,0.0
3.39865735786218,0.8246306008588401,3.0213083559388023,1.0,1.0,0.0,1.0,0.0
4.282178314751178,1.3481261789672232,1.201864213990946,1.0,0.0,0.0,0.0,0.0
0.6800463099213373,0.1803367985589004,2.0919783966681997,0.0,1.0,0.0,1.0,0.0
37.09703812519805,1.5618768405152597,0.2135879901966902,1.0,1.0,0.0,1.0,0.0
8.550164574825676,1.4404222501922426,3.7790284166980346,1.0,1.0,0.0,1.0,0.0
0.9439507962000068,3.117389372437296,0.3752885188657567,0.0,0.0,1.0,0.0,0.0
155.53957726825254,0.0073752522343925,0.48676623042068,1.0,0.0,1.0,1.0,0.0
5.996644699683781,0.0152851232412743,0.2062296235199442,1.0,0.0,0.0,0.0,0.0
23.242855022118,3.120978725014899,0.4447939266204715,1.0,1.0,0.0,1.0,0.0
3.025864568608568,4.607975665143935,0.7174276740175448,1.0,0.0,0.0,0.0,0.0
130.34704276433706,0.4231516875330257,0.1563897314923115,1.0,0.0,0.0,1.0,1.0
2.193635808234389,2.466992849303672,1.1464000496889872,1.0,1.0,0.0,1.0,0.0
10.262157575020655,0.3104425545327264,2.135764748202387,1.0,1.0,0.0,1.0,0.0
13.093021946818835,5.134907342200645,4.973268613119418,1.0,1.0,0.0,0.0,0.0
6.502552538799148,0.0937489948435117,0.8826233063701189,1.0,0.0,0.0,0.0,0.0
0.8658185083181942,1.1007712213650376,0.1168375580686014,0.0,0.0,0.0,0.0,0.0
238.7400429644467,45.91116887379435,0.1707382544211805,1.0,0.0,0.0,0.0,0.0
6.408984135602414,16.535778630332846,0.2071322592700321,1.0,0.0,0.0,0.0,0.0
12.63661124276928,0.7294833896328358,5.606901410442541,1.0,0.0,0.0,0.0,0.0
58.16967368610398,2.1053179171918788,2.3527648834111856,1.0,1.0,0.0,1.0,0.0
393.85659231264566,0.2206998712509934,0.2515943050552329,1.0,0.0,0.0,0.0,0.0
18.045796012693813,0.8970802825040067,0.8060426493966139,1.0,0.0,0.0,1.0,0.0
26.215602801710773,0.1281811338237943,5.276682149841209,1.0,0.0,1.0,1.0,0.0
2.452934983435024,0.0077678382679612,0.6678409627404742,1.0,0.0,0.0,1.0,0.0
8.500492952848285,32.317327464225464,1.123722743412209,1.0,0.0,0.0,0.0,0.0
26.353941045486785,0.5217077647532331,6.9116873120474525,1.0,0.0,0.0,0.0,0.0
6.313206509515729,0.9670807803176924,3.2825162167660005,1.0,0.0,0.0,1.0,0.0
2.286363569533162,1.4584265695559624,0.4653284379370758,1.0,0.0,0.0,1.0,0.0
13.666127135840002,0.3159045539597291,1.252377767878195,1.0,0.0,0.0,0.0,0.0
11.067106727553004,0.4268279413726288,2.861144402114154,1.0,0.0,0.0,1.0,0.0
35.53762570356275,0.3460826579464313,1.108876695831357,1.0,0.0,0.0,1.0,0.0
2.7987007888209297,2.308785475162721,6.689793457624547,1.0,0.0,0.0,1.0,1.0
3.748730339489415,0.0893739033775073,2.6830769992687817,1.0,1.0,0.0,1.0,0.0
1.140358073350889,0.6966596109579776,1.380239052557815,0.0,0.0,0.0,0.0,0.0
7.725121149906028,44.69830601400536,1.0371716139915512,1.0,0.0,0.0,1.0,0.0
14.565016525743529,1.5191811125465802,1.0011387759517183,1.0,1.0,0.0,1.0,0.0
3.1672545447130283,0.3272239580537602,0.2353839875474049,1.0,1.0,0.0,1.0,0.0
14.772126832465476,16.596623474157735,0.1975285430890982,1.0,1.0,0.0,0.0,0.0
16.242642790126162,1.5243421994085498,9.083911902917794,1.0,0.0,0.0,1.0,1.0
4.785248318483185,0.8236295255160119,0.7127745563784095,1.0,1.0,0.0,1.0,0.0
85.47776225098274,0.995431256438292,0.5117552500558201,1.0,1.0,0.0,0.0,0.0
9.646926857660588,0.0406122285691589,1.2034170979074514,1.0,0.0,0.0,1.0,0.0
35.39481217897666,0.3878490584147614,0.7185917053551327,1.0,1.0,0.0,0.0,0.0
21.17011678663179,0.1765088732338723,0.6224703277921503,1.0,0.0,0.0,0.0,0.0
10.230827247572488,0.0988621077863442,1.373745020502418,1.0,1.0,0.0,1.0,0.0
26.40206702263949,3.3084787836738623,1.2985324813461796,1.0,0.0,0.0,1.0,0.0
14.864710994126913,0.5184455485625721,2.148333929451113,1.0,0.0,0.0,1.0,0.0
7.679349259461895,0.1865836671587884,2.3267349343508683,1.0,0.0,0.0,1.0,0.0
25.164226838281788,0.4899284363298963,38.67608717830954,1.0,0.0,0.0,0.0,0.0
11.873177297159584,0.0241683841161054,1.068171275945746,1.0,0.0,0.0,1.0,0.0
13.066752500321272,0.3272312418007734,0.8485550807236033,1.0,1.0,0.0,1.0,0.0
5.2241367062260045,0.0072252770883243,0.4777051698161027,1.0,1.0,0.0,0.0,0.0
5.172454313310673,2.203577573563813,3.9984365164975935,1.0,0.0,0.0,0.0,0.0
3.7705938413745983,0.2845415095488203,0.7385513037780074,1.0,0.0,0.0,0.0,0.0
33.834298813178734,11.214687794805332,0.5353272312469386,1.0,0.0,1.0,1.0,0.0
27.56082699972403,0.6923231144490819,2.984246058733416,1.0,0.0,0.0,1.0,0.0
2.7896416981691075,1.4062300938416152,0.173153347746826,1.0,0.0,0.0,1.0,0.0
15.18299042778127,5.854780625308229,1.3048833781343416,1.0,0.0,0.0,0.0,0.0
2.9725840584690757,7.954818867421606,0.3960913900140547,1.0,1.0,0.0,0.0,0.0
0.3096540059566655,0.2518730423073243,0.4492863914079569,0.0,0.0,1.0,0.0,0.0
24.98387082923673,17.960628320719607,0.1464656120015265,1.0,0.0,0.0,1.0,0.0
2.9753345973731773,12.538076193019524,0.1433694045151412,1.0,0.0,0.0,1.0,0.0
3.049120111360126,21.871837056717528,0.2721842869219631,1.0,0.0,0.0,0.0,0.0
22.72309935267307,1.272560407833084,3.131671787809848,1.0,0.0,0.0,1.0,0.0
1.5793259850100614,3.085838500081416,6.425476145571168,0.0,1.0,0.0,1.0,1.0
118.47972433265502,0.5880390508552844,0.7060556688137688,1.0,1.0,0.0,0.0,0.0
3.170189925456193,9.1244907038523,1.5922774633431602,1.0,0.0,0.0,1.0,0.0
3.261732097526332,1.2846418537274584,0.6380497871315005,1.0,0.0,0.0,1.0,0.0
13.98048281415366,0.3928529731868199,12.16311354559492,1.0,1.0,1.0,0.0,0.0
2.4996502007812214,0.6403358620644874,15.521644550710644,1.0,0.0,1.0,1.0,0.0
6.290381519129969,0.4830582836640019,0.1665999467361147,1.0,0.0,0.0,1.0,0.0
8.445310526040933,0.1001225421861494,1.195085053344319,1.0,1.0,0.0,1.0,0.0
38.516695169472285,0.5532697562718186,2.8584646504641564,1.0,0.0,0.0,0.0,0.0
0.1943751629245458,3.527869238257096,1.2474453638375256,0.0,0.0,0.0,1.0,0.0
5.906140199401682,1.5238640145111946,0.8060433517355623,1.0,0.0,0.0,0.0,0.0
12.061670612036933,1.1778752123890297,0.7953600101987849,1.0,0.0,0.0,0.0,0.0
5.214303270794447,0.1511734368326519,1.3144001413475894,1.0,0.0,0.0,1.0,0.0
25.933067640772805,0.8508060469740878,0.7587582344113178,1.0,1.0,0.0,1.0,0.0
8.306450215434953,5.830170605010116,1.9975728271038848,1.0,1.0,0.0,0.0,0.0
17.769835731129554,1.570618313767542,0.1866256660802148,1.0,0.0,0.0,1.0,0.0
0.7053413628945713,0.1235535310683902,0.2234839022320061,0.0,0.0,0.0,1.0,0.0
23.90722108852892,0.4336835045127787,0.3444837319456346,1.0,1.0,1.0,0.0,0.0
1.079783914684231,0.1644159805756668,2.1449083528444457,0.0,1.0,0.0,1.0,0.0
27.402434309336613,3.828956766184072,0.0401790451127077,1.0,1.0,0.0,1.0,0.0
22.24935171117161,16.76751438159316,1.1855650699852005,1.0,1.0,0.0,0.0,0.0
1.1986775083311565,1.5234787591385683,0.5960967139710297,0.0,0.0,0.0,1.0,0.0
71.44096041568467,30.1866952580631,0.1391147825144015,1.0,1.0,0.0,1.0,0.0
20.17375181226918,1.5138375979877208,0.2779532786550704,1.0,0.0,1.0,0.0,0.0
2.315543421782161,7.607061738757311,0.2503971631730231,1.0,1.0,0.0,0.0,0.0
2.5055894612513576,1.5535810644272954,0.6492093901170514,1.0,1.0,1.0,1.0,0.0
72.95639892288968,0.6346809425736585,0.7593795537982491,1.0,0.0,0.0,1.0,0.0
3.502541070867907,283.10562349861124,1.2579133736748327,1.0,0.0,1.0,1.0,0.0
14.00693537193498,0.6773013965956155,2.268933938082818,1.0,0.0,0.0,0.0,0.0
2.743754968888876,0.1371521322573272,0.3558027765307945,1.0,0.0,0.0,1.0,0.0
2.691378054784902,12.28120938141102,2.0672712622538567,1.0,0.0,0.0,1.0,0.0
9.315692414855285,0.5484095195906239,0.4344513532262667,1.0,0.0,0.0,0.0,0.0
22.03825650770736,0.2512446704123525,1.2563844453856998,1.0,1.0,0.0,1.0,0.0
0.4060616584428001,1.7466630539249124,0.2535871352204925,0.0,1.0,0.0,0.0,0.0
5.794973898011623,0.0389355805021765,7.834854520447817,1.0,0.0,1.0,0.0,0.0
32.653966338578435,4.2957359573285885,0.750660315692804,1.0,0.0,0.0,0.0,0.0
17.492634556642557,0.2138690927377977,0.432296397685926,1.0,1.0,0.0,1.0,0.0
34.740872436369166,16.849929794240495,0.471228329178985,1.0,0.0,0.0,0.0,0.0
15.37910288026517,0.2801501859529053,0.4159423255487766,1.0,0.0,0.0,0.0,0.0
5.006447439385512,2.0564784633057283,0.5080856227712133,1.0,0.0,0.0,1.0,0.0
4.827663433844969,2.1787760554934468,1.9665265585855565,1.0,1.0,0.0,1.0,0.0
0.6535896345407874,3.7131641670353943,0.1236796685868364,0.0,1.0,0.0,0.0,0.0
1.1552105869548257,1.796044956447037,3.673693532299255,0.0,1.0,1.0,0.0,0.0
4.180294981405798,1.9895083479700484,1.926989414435156,1.0,0.0,0.0,1.0,0.0
1.0634805898525643,17.616650664667674,0.8396360032216801,0.0,0.0,0.0,1.0,0.0
6.70565171311009,33.11731932134915,0.3247367327395577,1.0,0.0,1.0,0.0,0.0
2.0717583666539827,1.0713612339635044,3.2740090975563634,1.0,0.0,1.0,0.0,0.0
40.62971994578017,14.65028869495748,9.589034486198807,1.0,0.0,0.0,0.0,0.0
10.961614498989928,0.8472071947063525,1.841623335392029,1.0,0.0,0.0,1.0,0.0
6.081452487245227,1.908698023705327,9.460430547606034,1.0,0.0,0.0,1.0,1.0
14.495276799648446,2.232490417629994,2.804721705466474,1.0,1.0,1.0,0.0,0.0
4.692702873941957,3.186363183773903,0.8982586804276328,1.0,1.0,0.0,0.0,0.0
34.52587795166641,0.4370915918926793,0.3668932128216197,1.0,0.0,0.0,1.0,0.0
15.64546911472462,1.6547255790689042,0.5794241368312703,1.0,1.0,0.0,1.0,0.0
9.226815370916777,0.3152635439060927,1.760411635520386,1.0,0.0,0.0,1.0,0.0
15.113068001467576,0.1348128548643353,1.6062469263153976,1.0,0.0,0.0,0.0,0.0
35.89130341243831,0.3295857531259476,1.491133339554349,1.0,0.0,0.0,1.0,0.0
150.4756287695025,1.884421950331757,0.5453087438752736,1.0,0.0,1.0,1.0,0.0
7.248952923708066,1.0940910635415686,1.0253996829575456,1.0,1.0,0.0,0.0,0.0
5.670208734977564,1.403546176059639,0.3592761162535103,1.0,1.0,0.0,0.0,0.0
1.0945640499945857,5.58757350443856,1.9862504128480067,0.0,0.0,0.0,1.0,0.0
1.6037504785240753,4.617514538822198,1.0061925429494187,0.0,0.0,0.0,1.0,0.0
10.688769232264288,5.402571172947618,1.840951789926527,1.0,0.0,1.0,0.0,0.0
47.60261549062407,2.054565950300265,1.151968728575163,1.0,1.0,1.0,1.0,0.0
12.231186222277396,16.480014966619613,1.5283352366748295,1.0,1.0,0.0,0.0,0.0
6.165888690534279,2.7082698421047526,0.3253957366823386,1.0,1.0,0.0,1.0,0.0
2.1723003406735923,1.3542080884937375,1.3474901688347545,1.0,1.0,0.0,1.0,0.0
2.2776694445760386,0.3376748888857503,0.6842563126767914,1.0,0.0,0.0,0.0,0.0
23.37517666272538,0.0178828742142695,0.3220269436666763,1.0,1.0,0.0,1.0,0.0
11.945311427671278,17.098608209051136,1.1862329271072138,1.0,0.0,0.0,1.0,0.0
92.3857254619988,0.1467568946152516,0.3546146397431535,1.0,0.0,0.0,1.0,0.0
1.0322267969136327,2.077131893472904,1.4683489121078757,0.0,1.0,0.0,1.0,0.0
41.60929176842704,0.0888777039266961,1.1433341487776687,1.0,0.0,0.0,0.0,0.0
114.31933916989114,0.5860866714170617,0.4426834752400957,1.0,1.0,0.0,1.0,0.0
5.371851084568804,0.0421209110521657,0.8788820279956239,1.0,0.0,0.0,1.0,0.0
0.7321538381557031,0.1222901032064969,0.7924545186326976,0.0,0.0,0.0,0.0,0.0
2.924806448576295,0.4357393407664913,0.9214316518515832,1.0,0.0,0.0,1.0,0.0
4.609594881154544,0.1499279649018726,0.8387091269240624,1.0,0.0,1.0,1.0,0.0
15.190256154259908,0.4248058207733105,0.6311194794212993,1.0,0.0,0.0,1.0,0.0
20.818577739351,83.65719747557726,0.0433959755083079,1.0,0.0,0.0,1.0,1.0
6.957595634504715,1.3284861858540573,0.8691359654352891,1.0,1.0,0.0,0.0,0.0
22.503768114744275,0.8239678097711399,0.6970983441948346,1.0,0.0,1.0,0.0,0.0
23.92417523778681,0.2792388456040081,1.1940625220513703,1.0,0.0,0.0,0.0,0.0
31.952818562514214,15.758279380682406,6.7414844209331415,1.0,0.0,0.0,1.0,1.0
19.01920843022702,0.1224940327082349,19.39551260064394,1.0,0.0,0.0,0.0,0.0
7.027455944568372,0.611756590984345,0.1218247923571595,1.0,0.0,0.0,0.0,0.0
47.49924495204596,1.1946033974926464,1.2168563644705204,1.0,1.0,0.0,1.0,0.0
43.67242458435526,0.0863143184278692,2.432550588812857,1.0,1.0,1.0,0.0,0.0
1.4332623903813502,0.1486636138366227,1.7020589587152812,0.0,1.0,0.0,0.0,0.0
13.179592639643191,1.181090793511364,1.4229957116861127,1.0,0.0,0.0,0.0,0.0
41.22887252704015,0.3379947666722768,2.2036456753566624,1.0,0.0,0.0,0.0,0.0
0.9408452282720112,0.1347943917037488,1.6711290204632498,0.0,1.0,0.0,0.0,0.0
3.1489410030094835,0.7302644426221548,0.7424608190735573,1.0,1.0,0.0,1.0,0.0
13.86831145405776,4.053488471742167,3.0103722956432653,1.0,1.0,0.0,1.0,0.0
15.138080559002852,0.8072973889610613,0.529057385167402,1.0,0.0,0.0,1.0,0.0
25.6815066072615,3.675301670503998,0.7206289470735915,1.0,0.0,0.0,1.0,0.0
31.7861458561634,64.53633878352055,9.34761141939461,1.0,1.0,0.0,0.0,1.0
43.28186800502325,6.685122517546387,0.5960979229090895,1.0,0.0,0.0,1.0,0.0
22.428128585359676,4.272040016415291,1.0548905410141811,1.0,1.0,0.0,1.0,0.0
23.865877987058084,0.1169426274898906,1.4827453601449831,1.0,0.0,1.0,1.0,0.0
4.423557899674534,15.723671784230437,4.294732006639502,1.0,0.0,0.0,1.0,1.0
6.016006830719604,0.5057117192482374,1.1821593746903465,1.0,0.0,0.0,0.0,0.0
1.3563649368905009,0.3468952291276377,1.2356801865118974,0.0,0.0,0.0,0.0,0.0
15.700523806177218,0.1171239341919255,0.3067480400777773,1.0,1.0,0.0,0.0,0.0
17.38606097397156,5.2573434097050304,0.348372387041554,1.0,0.0,0.0,1.0,0.0
2.7156034059008576,1.530293999513365,2.302238997623992,1.0,0.0,0.0,0.0,0.0
6.661770196822887,0.7593180274030146,0.4662426753319771,1.0,0.0,0.0,1.0,0.0
17.366723364910523,1.0903214437352946,1.2977702913967686,1.0,0.0,0.0,1.0,0.0
3.5774912086360984,0.786324088288684,1.5526439507766203,1.0,0.0,1.0,0.0,0.0
24.557600165026276,5.738594500889946,0.9630695655913376,1.0,0.0,0.0,1.0,0.0
32.048343497182074,0.0961474379564491,2.7365894638178467,1.0,0.0,0.0,0.0,0.0
18.36756967779809,0.1282197097671223,5.8736644310075965,1.0,0.0,0.0,0.0,0.0
18.3611927988396,0.0549490570889397,0.6893971237033495,1.0,0.0,1.0,1.0,0.0
60.68902816349276,5.748067783216368,0.255427516309089,1.0,0.0,0.0,0.0,0.0
24.815286803585167,0.4893032160795274,0.3910254282126384,1.0,0.0,0.0,1.0,0.0
3.1198521931492977,0.1794381328371444,1.8298938425921865,1.0,1.0,1.0,1.0,0.0
2.0398319591125245,8.860629499197172,4.433263789222916,1.0,1.0,0.0,1.0,1.0
1.9624797353931456,0.421936791123715,3.952818881626981,1.0,0.0,0.0,0.0,0.0
9.963117529601677,0.039772292765738,2.232697130449257,1.0,1.0,0.0,1.0,0.0
9.868252763222282,0.1538600059342652,0.0858968948961654,1.0,1.0,0.0,1.0,0.0
43.62314902198269,0.0284338592810427,1.6800297802366082,1.0,1.0,0.0,1.0,0.0
7.370085046169642,5.592268875618417,0.4348258153130292,1.0,1.0,0.0,0.0,0.0
2.111932009214412,1.1211682144113526,1.8052933089371488,1.0,0.0,0.0,1.0,0.0
5.789078485413495,5.868764162068697,0.3900253278731874,1.0,1.0,0.0,1.0,0.0
66.68140047135257,4.67946884487055,0.8919549473192718,1.0,0.0,0.0,0.0,0.0
26.858969373915716,1.3477819633733537,0.3708153539959759,1.0,0.0,1.0,1.0,0.0
3.789213341394844,1.2658394869473957,0.5675612653881398,1.0,0.0,0.0,0.0,0.0
5.127621511558711,1.318594202380458,0.4428425836558405,1.0,1.0,0.0,1.0,0.0
34.03206510715462,1.6301118586618977,1.2121551987328505,1.0,0.0,0.0,0.0,0.0
10.813977931858986,11.3115346807032,0.2720711779027294,1.0,0.0,0.0,0.0,0.0
15.788581775750238,12.80697577863085,0.3253065909576632,1.0,1.0,0.0,1.0,0.0
5.910616383388982,0.4889773690627252,1.3336530177939427,1.0,1.0,0.0,1.0,0.0
58.44221172505384,3.5278137198379387,2.4373540789759427,1.0,0.0,0.0,0.0,0.0
60.06244728352419,0.3859243486854395,0.619243239440807,1.0,0.0,0.0,1.0,0.0
15.508471147057264,15.94271527344967,2.1962560117478978,1.0,0.0,1.0,1.0,0.0
9.023250466443868,0.6284147392801808,1.366853141469215,1.0,0.0,0.0,1.0,0.0
102.13778349318312,2.131431372252505,2.566699010101195,1.0,0.0,0.0,1.0,1.0
0.4346956857203926,0.2260583159369862,1.5817324598904827,0.0,1.0,0.0,1.0,0.0
16.508788733549874,3.387816930803901,0.8306484353554134,1.0,0.0,0.0,1.0,0.0
34.03525608901969,4.371396464645922,0.6882677022869331,1.0,0.0,1.0,0.0,0.0
14.97915154195708,3.376685177788276,0.1581695969924255,1.0,0.0,1.0,1.0,0.0
18.703243521761216,0.3808056760000128,0.5816550249606431,1.0,1.0,0.0,0.0,0.0
117.63924890262436,0.0331114685723558,4.787596676537511,1.0,1.0,1.0,1.0,0.0
23.826176794470967,1.4023168969357112,0.9749629762677048,1.0,0.0,0.0,1.0,0.0
7.109850259625347,0.2464282577053299,0.9967404312759002,1.0,0.0,0.0,1.0,0.0
2.310486745161173,0.2215756854466662,0.1011236298468098,1.0,1.0,0.0,1.0,0.0
8.374094535961271,0.1179188371594819,0.6306600647522246,1.0,0.0,0.0,1.0,0.0
2.33970103252764,2.398379139444134,0.6926884159632954,1.0,1.0,0.0,0.0,0.0
27.248347329038584,2.908756016542908,1.9943507679572336,1.0,0.0,0.0,1.0,0.0
19.0181592432423,29.181119246920936,1.8195477820864203,1.0,1.0,0.0,1.0,0.0
28.870565322217608,9.646822578259188,0.2342570990616943,1.0,0.0,0.0,1.0,0.0
2.668771524048981,0.4274376025801146,0.7602691307519542,1.0,0.0,0.0,1.0,0.0
77.1618699137701,0.9185522666687932,1.926876612054495,1.0,1.0,0.0,0.0,0.0
6.286476531546519,109.33368201099304,1.5262014614542612,1.0,0.0,0.0,1.0,1.0
2.4639754107286667,2.0762470332105507,1.2505097934499931,1.0,0.0,0.0,1.0,0.0
13.431915109650625,1.2096270377487333,0.0629913140603251,1.0,0.0,0.0,0.0,0.0
6.876342511755376,0.8272604381426867,2.791924647641313,1.0,1.0,0.0,1.0,0.0
2.179876315518938,1.677357961382782,0.3173341584137783,1.0,0.0,0.0,1.0,0.0
0.1054801035173976,0.5874111625547572,0.2399883425155582,0.0,0.0,0.0,0.0,0.0
30.764382619993597,0.8242235242307911,3.8596312233611534,1.0,0.0,0.0,0.0,0.0
1.540706961783688,10.129301078359154,5.3785403901209765,0.0,0.0,0.0,0.0,1.0
29.167113438280747,28.25734835215192,3.943964309498928,1.0,1.0,0.0,0.0,0.0
43.85689786980242,0.7043487451531201,0.4757679851781182,1.0,0.0,0.0,1.0,0.0
3.562139362473009,0.8575648810187942,0.9901896500232752,1.0,0.0,0.0,1.0,0.0
43.729385936733706,1.3413064561903716,0.1679079856303954,1.0,1.0,0.0,1.0,0.0
5.477206063079019,52.21055967835702,2.939732441827964,1.0,1.0,0.0,0.0,0.0
41.22624868083437,5.862224235978556,0.4107685196645549,1.0,0.0,0.0,1.0,0.0
2.174950563196405,1.816592419559966,0.1509690364477015,1.0,0.0,0.0,0.0,0.0
12.64285289358113,4.307904355857673,0.0731560112577557,1.0,1.0,0.0,1.0,0.0
4.405197938367245,4.252221557352548,0.6785288043616838,1.0,1.0,0.0,0.0,0.0
29.903343378934068,5.35706158395881,0.1317075507466383,1.0,0.0,0.0,1.0,0.0
2.3052047301160625,2.481971132664665,2.18363611604083,1.0,1.0,0.0,0.0,0.0
3.408387875255994,3.341241953237551,4.838738178038262,1.0,1.0,0.0,1.0,1.0
3.944746421729024,0.6090963975115748,1.207061005889991,1.0,0.0,0.0,0.0,0.0
38.74713759927592,0.1083343407323189,0.770178585820221,1.0,0.0,1.0,1.0,0.0
1.870652316635596,2.44251233088214,1.3352739331401886,0.0,0.0,0.0,1.0,0.0
1.646567628033372,1.8994070398692229,2.9887320903191994,0.0,0.0,0.0,1.0,0.0
0.468716540837335,6.975303446206701,1.4717638161167406,0.0,0.0,0.0,0.0,0.0
0.5701139862263971,1.3543469442712772,0.4995466461400957,0.0,0.0,0.0,1.0,0.0
2.2282940012919927,2.710354904802844,1.7108710645502705,1.0,0.0,1.0,1.0,0.0
13.752929868188245,1.231452358607409,0.1972404056513899,1.0,0.0,1.0,0.0,0.0
174.79801083834752,0.587631897826419,1.6754976327727928,1.0,0.0,0.0,0.0,0.0
1.2090440461738818,0.2839154323096215,0.955450861823994,0.0,0.0,0.0,1.0,0.0
2.497688127059264,0.2706380109176154,12.837661884658823,1.0,0.0,0.0,0.0,0.0
10.40575319062589,0.5065129763441282,6.432552842618896,1.0,1.0,0.0,1.0,1.0
86.3602339094298,0.2060110127126695,0.2634017403153632,1.0,0.0,0.0,1.0,0.0
60.47310177231618,1.2901071568214897,0.863935142670206,1.0,1.0,0.0,0.0,0.0
3.485517815586201,0.9517385690196508,1.1870482430642335,1.0,0.0,0.0,0.0,0.0
124.9005592901342,7.382577318941732,5.542440031394768,1.0,1.0,0.0,1.0,1.0
16.11175194624192,0.0348223018032406,1.8673918165741763,1.0,0.0,0.0,1.0,0.0
103.3586193667427,2.7969304340975456,0.2294444628854871,1.0,0.0,0.0,1.0,1.0
3.097498394555568,5.817974692249176,0.0595469101899304,1.0,0.0,0.0,1.0,0.0
7.451213265945884,0.147427059628435,2.874554466247937,1.0,1.0,0.0,0.0,0.0
40.71231713510853,1.739705921325622,0.2805598664706689,1.0,0.0,0.0,0.0,0.0
0.2491114107286955,1.5433874910687302,0.946896774621258,0.0,0.0,0.0,1.0,0.0
119.82513140001195,6.140122937639571,2.8448868294878538,1.0,1.0,1.0,0.0,0.0
17.589853048832808,4.465398989771556,9.64702759603964,1.0,0.0,0.0,0.0,0.0
6.745526253953739,1.6925947277871662,0.8709143131971501,1.0,0.0,0.0,0.0,0.0
18.48155808407345,0.3459247498987894,0.8905274826076056,1.0,0.0,0.0,1.0,0.0
4.676752941826836,2.349806598511536,0.7224843130820227,1.0,0.0,0.0,1.0,0.0
28.763061270146498,0.308557653837773,0.1225777416821994,1.0,0.0,1.0,0.0,0.0
12.125969443366795,10.59463511952719,1.0829882131806836,1.0,1.0,0.0,0.0,0.0
21.252144046678676,2.796981459760958,5.188348955361114,1.0,0.0,0.0,0.0,0.0
36.82266782933529,0.5328827565463629,3.5718438558478307,1.0,1.0,0.0,0.0,0.0
9.00763332793396,0.0880978932529588,21.03013585304757,1.0,1.0,0.0,1.0,1.0
0.7566377688274917,1.276957360155423,0.4389823176767452,0.0,1.0,0.0,1.0,0.0
6.8844758959367285,35.20500852112471,0.6632243230548469,1.0,1.0,0.0,1.0,0.0
25.38357636163509,4.965572496050414,2.927478972969335,1.0,0.0,1.0,1.0,0.0
2.212515903277047,5.521047341172608,2.523791651728825,1.0,1.0,0.0,0.0,0.0
1.827355225981728,0.88919866331956,1.5046683705639492,0.0,1.0,0.0,0.0,0.0
1.5157531437414864,1.3579156878085443,2.073065334821004,0.0,0.0,0.0,0.0,0.0
2.781716310505852,0.0353075398646771,0.5636613359419689,1.0,0.0,1.0,1.0,0.0
16.304443602712798,2.082991979529729,0.678810757367574,1.0,0.0,0.0,1.0,0.0
6.880091574551997,1.1637964791076894,1.659824961523039,1.0,1.0,0.0,1.0,0.0
172.62837888075805,2.6203643592782275,0.2049953896765039,1.0,1.0,1.0,1.0,0.0
1.4636988777446407,7.442098942452818,4.2430268328757625,0.0,0.0,0.0,0.0,1.0
20.11505684440756,0.4451026586422743,0.2615353448689462,1.0,0.0,0.0,0.0,0.0
6.387857317163021,92.5137127331532,0.5141677858114363,1.0,1.0,1.0,0.0,0.0
19.12234225393328,0.5400925390925665,0.7903577710556408,1.0,0.0,0.0,1.0,0.0
71.81490690180802,2.481681062636929,1.2381053620669906,1.0,0.0,0.0,0.0,0.0
3.1250613898409694,0.4676584333630311,5.382078730030415,1.0,0.0,0.0,0.0,0.0
15.719945743867855,0.8873135555321999,0.3090921911178092,1.0,1.0,0.0,0.0,0.0
5.83159872594949,8.232061871446204,1.1004603468935263,1.0,1.0,1.0,1.0,0.0
7.727981681719197,2.504779962011347,1.0005164361974863,1.0,0.0,0.0,0.0,0.0
4.977949053513657,3.059195314777576,3.110312679440572,1.0,0.0,0.0,0.0,0.0
200.17904090274877,1.6270857012803894,0.1894516214366546,1.0,0.0,0.0,0.0,0.0
28.056609691755398,6.433424392075474,1.8546002229478988,1.0,0.0,0.0,0.0,0.0
5.904360449154675,6.258718059565349,2.1158306201066384,1.0,0.0,0.0,1.0,0.0
6.107858088471091,0.5195030960188456,0.8272608038389628,1.0,1.0,0.0,1.0,0.0
39.93460586241926,7.891437047504909,0.3992334957779292,1.0,0.0,0.0,1.0,0.0
16.284491787664738,4.970288899960094,0.0640712917632616,1.0,0.0,0.0,1.0,0.0
27.38788919321862,0.0726969960047975,1.555903674751869,1.0,1.0,0.0,1.0,0.0
211.7632307980041,9.537616976845678,0.7702977166564149,1.0,0.0,0.0,0.0,0.0
19.323908316902024,14.86116399466623,0.40523514483716,1.0,0.0,0.0,0.0,0.0
20.67931753928225,0.1660939225424217,0.5012494161036671,1.0,0.0,0.0,1.0,0.0
28.328614324401563,1.3701046202180247,0.8312853131883811,1.0,0.0,1.0,1.0,0.0
30.48313727550536,2.2929662592152944,1.1214566498057748,1.0,0.0,0.0,1.0,0.0
49.56853143108265,0.1631710282803831,3.4994046753491093,1.0,0.0,0.0,1.0,0.0
17.670873316796197,1.666967119427869,0.2666077225906123,1.0,0.0,0.0,1.0,0.0
10.111980200522211,2.405415356863028,0.237631047156999,1.0,0.0,0.0,0.0,0.0
14.751516408764187,0.2005287563430303,0.3029926391944429,1.0,0.0,0.0,1.0,0.0
0.4906283535384694,6.336570115519568,0.2479351494410995,0.0,0.0,0.0,1.0,0.0
1.0640707880065516,0.920669999674236,0.9558181091707958,0.0,0.0,0.0,1.0,0.0
50.02096946196615,29.208598838907108,0.4853453034231084,1.0,0.0,0.0,1.0,0.0
12.50631999409364,1.8114035427459017,0.6149656285543188,1.0,0.0,0.0,1.0,0.0
11.203331011529166,1.9245199807437308,2.076704746259167,1.0,0.0,0.0,1.0,0.0
32.39529044566155,0.9118569135856412,0.6320760097621958,1.0,0.0,0.0,1.0,0.0
51.58920190286511,6.296196931048205,5.0925920847305,1.0,0.0,0.0,0.0,0.0
33.174372601087875,3.62143683087664,1.3707757501556903,1.0,0.0,0.0,1.0,0.0
101.16341053253292,6.978933876164893,0.1827622537008132,1.0,0.0,0.0,0.0,0.0
6.56468790206177,20.362875375971857,1.23874284341562,1.0,0.0,0.0,1.0,0.0
14.6266440733286,9.840123486275097,0.5122383328233836,1.0,0.0,0.0,1.0,0.0
10.039879167456188,0.392181663242674,3.0203585257817283,1.0,0.0,0.0,1.0,0.0
25.315262639513573,1.8851392952892088,0.826777203929467,1.0,1.0,1.0,1.0,0.0
14.14035140849444,11.76761723033573,0.5303360357799836,1.0,1.0,0.0,1.0,0.0
8.410079755831312,7.607069054136015,2.8731957322075785,1.0,0.0,0.0,0.0,0.0
11.357553985284651,0.9452231155787764,4.3911521920951975,1.0,1.0,1.0,1.0,0.0
8.373954880361966,23.0110286593444,0.8092764103597402,1.0,0.0,0.0,0.0,0.0
1.2425867939124475,4.672759393810766,4.268679671618613,0.0,1.0,0.0,1.0,1.0
26.191744785859235,70.17456710131644,0.5056869302774641,1.0,1.0,0.0,0.0,0.0
19.43846587615729,18.99116805004109,0.2977054803569458,1.0,0.0,0.0,0.0,0.0
9.411126570334508,0.179520885292706,0.9941942573428136,1.0,0.0,0.0,0.0,0.0
6.249795771741939,0.714302513207356,4.1988863588097125,1.0,0.0,0.0,0.0,0.0
6.222070564121894,4.3409835747621885,2.057598740333092,1.0,1.0,0.0,0.0,0.0
0.905964463716424,0.1366004882629166,0.3584777770335785,0.0,0.0,0.0,0.0,0.0
321.0230904830417,0.9839747857203656,1.3634428618577323,1.0,1.0,0.0,1.0,0.0
62.83780925554859,0.0899082921383343,2.398626634222799,1.0,0.0,1.0,0.0,0.0
68.52455619578508,0.754884617026068,0.4191099823331666,1.0,1.0,0.0,0.0,0.0
11.577686354326902,4.705658181700563,4.85561102445106,1.0,0.0,0.0,1.0,1.0
19.8845308203759,1.5461252544891904,0.7839298305720768,1.0,0.0,1.0,1.0,0.0
7.14172454521162,0.2556626464577844,0.8926247974495387,1.0,1.0,0.0,0.0,0.0
1.7392999756137562,0.156370072955558,10.089601746448515,0.0,0.0,0.0,1.0,1.0
76.07506127915256,0.0163345114110192,0.1524673044439413,1.0,0.0,0.0,0.0,0.0
22.65784086830653,1.773382601133868,0.6999978838271985,1.0,0.0,0.0,0.0,0.0
17.769695218460097,0.7356490214352936,1.130128716991508,1.0,0.0,1.0,1.0,0.0
12.062225394809824,9.770141740489068,1.590923035657042,1.0,0.0,0.0,1.0,0.0
1.2545972536144712,1.6535443493507982,1.4892371122711066,0.0,1.0,0.0,1.0,0.0
10.36987511617696,0.8024642768683409,0.3929754665654889,1.0,0.0,0.0,1.0,0.0
1.467861611740408,2.258593668192708,0.5982865068259521,0.0,1.0,0.0,1.0,0.0
25.140692628449067,0.134045769357804,0.3970857669763933,1.0,0.0,0.0,1.0,0.0
11.446350136060175,8.937172828947228,2.245726411389151,1.0,1.0,0.0,0.0,0.0
16.6558458063881,0.1968920703846645,0.5635187196491993,1.0,0.0,0.0,1.0,0.0
29.66833929977689,1.008609366847938,34.252717345172606,1.0,0.0,0.0,1.0,1.0
0.3364892269181763,0.9625853977349036,4.9727705110770914,0.0,0.0,1.0,1.0,0.0
2.029179792821896,40.09493348906677,0.5165007267279412,1.0,0.0,0.0,0.0,0.0
20.976200828934417,0.2186277246372696,1.284941692000286,1.0,0.0,0.0,1.0,0.0
0.4001879258939929,0.1609538023243095,0.1905899269802139,0.0,1.0,0.0,1.0,0.0
0.9698678942557756,0.4428418357569169,1.1170939203156776,0.0,0.0,0.0,1.0,0.0
12.388897638646403,10.314425570177788,2.1877845250200663,1.0,1.0,0.0,1.0,0.0
4.2481164836396985,0.3393617480346279,1.8980829642506167,1.0,0.0,0.0,1.0,0.0
49.708255868493865,1.5776327303628574,0.19966399624424,1.0,0.0,0.0,1.0,0.0
14.317946289109194,0.3325056217866168,2.1466937977296747,1.0,0.0,0.0,1.0,0.0
8.081764362355901,3.5114085091991107,0.1382990841740128,1.0,0.0,0.0,1.0,0.0
17.555773357127595,3.301945176259512,1.5944607358996503,1.0,0.0,0.0,1.0,0.0
2.5421443492846563,0.2025626057889973,2.221276521607849,1.0,0.0,0.0,1.0,0.0
10.341687574591818,0.7199760973136671,1.0809751807707673,1.0,1.0,1.0,1.0,0.0
8.907716050441493,0.6567316479156947,1.399942086131152,1.0,0.0,0.0,1.0,0.0
5.53882073449968,0.2173827872495016,12.775374303908771,1.0,0.0,0.0,1.0,1.0
22.418923497180447,0.2850442974430631,1.2459652937933146,1.0,1.0,0.0,0.0,0.0
70.82504990296901,0.1935093753483124,0.6190687375389541,1.0,0.0,0.0,1.0,0.0
3.2239055537828665,0.1877341553237014,0.1703024740829507,1.0,1.0,0.0,1.0,0.0
97.18217522505064,0.5155234700473919,2.43843310060943,1.0,0.0,0.0,1.0,0.0
1.70196446334205,1.0252705808287874,0.4075660192040518,0.0,1.0,0.0,1.0,0.0
7.717493282229549,0.1730908301669934,0.0261430359161545,1.0,0.0,0.0,0.0,0.0
5.599680351032857,1.3959498589870538,0.4101851866367643,1.0,0.0,0.0,1.0,0.0
27.04935600166598,4.359004618219641,0.1805311345501795,1.0,0.0,0.0,1.0,0.0
6.474237504748027,0.0347479519938161,9.979342179676912,1.0,0.0,0.0,1.0,1.0
41.16931196548476,33.036037529962954,0.3985348777297965,1.0,0.0,0.0,1.0,0.0
2.965920901163153,0.0814163118117106,2.987682037702735,1.0,1.0,0.0,0.0,0.0
12.900328054397797,0.6821308550624566,1.0331985430012556,1.0,0.0,0.0,1.0,0.0
2.5714439048592905,2.902381856675191,0.4164101987039328,1.0,0.0,0.0,1.0,0.0
21.210433495922405,2.066851684241667,0.3531377393696632,1.0,1.0,0.0,1.0,0.0
4.95608210995077,48.73539165711258,0.0711114392494765,1.0,0.0,0.0,1.0,0.0
89.74488584627113,0.0915758035757424,1.4622899333581003,1.0,0.0,1.0,1.0,0.0
2.0690360577462696,0.1868748919119704,1.84017819426264,1.0,0.0,0.0,1.0,0.0
36.18674834230905,0.1242724462173537,0.365261672017854,1.0,0.0,0.0,0.0,0.0
51.850199656981,5.690771433513979,2.013287054130757,1.0,0.0,0.0,1.0,0.0
6.982381438112298,30.69130048535601,1.2921061593112282,1.0,0.0,1.0,1.0,0.0
85.08901693037366,0.1011476682467353,0.2959121086783666,1.0,0.0,0.0,1.0,0.0
106.32402838148607,10.62898895720952,0.7845810731832519,1.0,0.0,0.0,0.0,0.0
30.48312253234563,20.590101749916165,1.232425950401078,1.0,0.0,1.0,0.0,0.0
15.444618512329434,1.751340418500213,1.0821200251867524,1.0,1.0,0.0,1.0,0.0
100.03112952708229,1.0795779061513828,5.145875260099,1.0,1.0,1.0,1.0,0.0
3.42886613456588,2.9378379830298846,1.6521606730396317,1.0,0.0,0.0,0.0,0.0
29.062436000709287,0.9921886370664948,3.82054491704612,1.0,1.0,0.0,0.0,0.0
9.500595641176425,1.000430175893522,1.9803960043258104,1.0,1.0,0.0,0.0,0.0
13.760856616697628,0.9404255380250264,1.860989205053988,1.0,1.0,1.0,1.0,0.0
10.4154100404313,14.950251713856064,5.316765726269883,1.0,1.0,0.0,1.0,1.0
0.1574122281890135,8.350900149668409,1.949087459541078,0.0,0.0,0.0,1.0,0.0
4.858928956922032,1.7631577470509951,1.0234838191622004,1.0,1.0,0.0,1.0,0.0
19.258364352625478,1.8615954520294813,0.2442949109562747,1.0,0.0,0.0,1.0,0.0
1.679921224925227,2.810734298876661,0.8934938507419131,0.0,1.0,0.0,1.0,0.0
42.77810193277049,12.191482347557624,1.5529476227076222,1.0,1.0,0.0,0.0,0.0
2.178577818576436,2.9033577361943683,0.3789423542487726,1.0,1.0,0.0,1.0,0.0
2.9648685870658893,6.455403198152165,2.609808942557034,1.0,0.0,0.0,1.0,0.0
8.248230231746026,1.664461043756554,0.924756838256293,1.0,1.0,0.0,1.0,0.0
4.085773548112924,8.769018588949473,1.5055432434072575,1.0,0.0,0.0,1.0,0.0
26.212567210160397,0.4416334924771253,0.1586542768198453,1.0,0.0,0.0,0.0,0.0
21.714367760791124,8.284553896108047,4.308699744589735,1.0,1.0,1.0,0.0,0.0
7.115002497537535,0.9746704083297576,0.6701601449064271,1.0,1.0,1.0,0.0,0.0
2.6296296256537275,1.0725787182038693,1.7222959464411929,1.0,1.0,0.0,1.0,0.0
27.02109754312952,4.602288614168817,0.4443734601069112,1.0,1.0,1.0,0.0,0.0
16.824633402852538,3.343168591174818,0.6461512758478665,1.0,0.0,0.0,0.0,0.0
3.7604218664304376,1.8824877915752225,0.4935188815053474,1.0,0.0,0.0,0.0,0.0
18.8048881106572,41.31359441133713,0.4721541659891382,1.0,0.0,0.0,1.0,0.0
41.95450090664776,1.0994101118304611,0.6504325889664556,1.0,0.0,0.0,1.0,0.0
51.86993956736236,5.82819260064475,0.6694834426344805,1.0,0.0,0.0,0.0,0.0
5.488366462898206,0.4245130295571706,0.7477489706990277,1.0,0.0,0.0,0.0,0.0
0.6456676101925517,1.1189539189630018,1.0279793832937962,0.0,0.0,0.0,1.0,0.0
15.37861763035242,0.883057166855849,1.1250260646851882,1.0,0.0,0.0,0.0,0.0
16.803711274622724,0.57932151410961,1.098199923437614,1.0,1.0,0.0,1.0,0.0
0.6348572203187158,0.6894143258769543,0.7829964825115233,0.0,0.0,0.0,1.0,0.0
4.8592753458231694,0.0651690273426764,0.3057104604922019,1.0,0.0,0.0,1.0,0.0
15.82807373126916,0.3311606008503998,0.7514012288398151,1.0,0.0,0.0,1.0,0.0
8.302578293937938,0.0622663990290481,0.6586379520575382,1.0,0.0,0.0,0.0,0.0
1.6318076345026271,5.0645713051513495,0.4849345554840962,0.0,1.0,0.0,1.0,0.0
29.76432121314488,11.45230533665034,2.281793501298933,1.0,0.0,0.0,1.0,0.0
1.583182171941939,39.96330239256485,0.5986014797257727,0.0,0.0,0.0,1.0,0.0
2.977767692362087,26.354599757058292,1.799215375694908,1.0,0.0,0.0,1.0,0.0
1.04428923325685,0.0969329601779578,0.6118309107999387,0.0,0.0,0.0,1.0,0.0
15.939397666871129,0.7789090058834339,3.441586467394796,1.0,1.0,0.0,0.0,0.0
5.196861305818731,0.3965646844627432,4.111852989976806,1.0,0.0,0.0,1.0,1.0
16.40191781879579,2.091733649159695,4.247977185904397,1.0,0.0,0.0,0.0,0.0
7.564173111378691,0.3269443792060845,0.4058996399926302,1.0,1.0,0.0,0.0,0.0
33.68510305817155,1.465297551195439,0.4786620818818529,1.0,0.0,0.0,1.0,0.0
21.313993046046352,1.969780987925984,1.806420281500209,1.0,1.0,0.0,0.0,0.0
21.605539044750586,7.9928593034034545,0.3901047705031765,1.0,1.0,0.0,1.0,0.0
8.379910151292812,0.149444914337713,2.5265197812943114,1.0,1.0,0.0,0.0,0.0
3.4844924347129047,0.2124573281171259,0.3453642733504536,1.0,1.0,0.0,0.0,0.0
13.466700796000415,2.385780363084543,0.4949433944347489,1.0,1.0,0.0,1.0,0.0
5.806691656846877,25.819905963318973,3.799441640004007,1.0,0.0,1.0,1.0,0.0
0.1128040575328906,9.641525157746186,1.046952038523271,0.0,1.0,0.0,0.0,0.0
2.4220994025652005,0.4937905927914611,1.838476133549919,1.0,0.0,1.0,1.0,0.0
2.9633522606809626,0.6070969175805049,0.5992678566058648,1.0,0.0,0.0,0.0,0.0
8.594317686692843,0.2219060482832595,0.1930110276475986,1.0,0.0,0.0,0.0,0.0
16.615428905082215,0.3310908499534598,0.3079390188354344,1.0,0.0,0.0,0.0,0.0
19.239890426427515,1.0577065921013136,2.397836355825888,1.0,0.0,0.0,0.0,0.0
3.912359453677528,1.167872868778089,0.4548419430131699,1.0,0.0,0.0,1.0,0.0
6.280580793956351,0.1198699212882666,0.404625426992217,1.0,1.0,0.0,1.0,0.0
36.59610560585509,0.7093048840703106,0.9593274679808538,1.0,1.0,0.0,1.0,0.0
8.076621879508984,1.90405723978953,2.4899066033323947,1.0,1.0,0.0,0.0,0.0
3.668086525626439,3.3472051953176427,1.4552280593586622,1.0,0.0,0.0,0.0,0.0
3.7369586887140978,0.1139973362902618,3.17254060548283,1.0,0.0,1.0,0.0,0.0
18.58552755103265,1.2746703075082215,0.7660944708434712,1.0,0.0,0.0,1.0,0.0
17.63448389743985,1.5538984070448738,0.7768671928305223,1.0,0.0,0.0,1.0,0.0
20.65150872479895,1.0652297755828648,0.1052821165011743,1.0,0.0,0.0,0.0,0.0
4.463500528940189,0.4941032364671134,0.5130006685872703,1.0,1.0,0.0,1.0,0.0
3.780126938082733,0.0707509055861096,1.0073981519675796,1.0,0.0,0.0,1.0,0.0
5.377205531225012,0.0226688449163712,1.463755848979482,1.0,0.0,0.0,1.0,0.0
1.1858152709594367,0.522893242604035,0.7547802999618202,0.0,1.0,0.0,1.0,0.0
2.2425806846437726,2.594064718524623,0.5188899719844595,1.0,0.0,0.0,1.0,0.0
10.078401760412351,0.0669274280872906,0.3099053604681735,1.0,0.0,0.0,1.0,0.0
14.548957302576154,1.567765259720851,2.560082968018456,1.0,1.0,0.0,0.0,0.0
2.334823393155935,1.0214922757986713,4.82980709719466,1.0,0.0,0.0,1.0,1.0
30.923700688876853,5.485179558118941,0.2487901034658746,1.0,0.0,0.0,0.0,0.0
10.2311933359054,1.4265404387387388,1.9396730778296651,1.0,0.0,0.0,1.0,0.0
28.68019619462465,0.5589116164171575,1.614260772504052,1.0,0.0,0.0,1.0,0.0
13.89652864421467,0.2333444228212245,6.086346231269479,1.0,0.0,0.0,0.0,0.0
9.167524541017617,0.0153862666768655,0.8762796543197968,1.0,0.0,0.0,1.0,0.0
105.5733809860819,0.2896132741541271,2.6531663382708364,1.0,1.0,0.0,0.0,0.0
39.48093880526135,3.907448596290877,3.6896475032339406,1.0,1.0,0.0,1.0,0.0
22.58811844858394,1.296210562254523,0.8128179683912681,1.0,1.0,0.0,0.0,0.0
28.34239485132783,7.200995347777474,0.8666674289641488,1.0,0.0,0.0,0.0,0.0
10.081704921536025,5.33580670265179,1.6457343680343592,1.0,1.0,0.0,1.0,0.0
2.8701853300508176,0.1757599265778956,0.1235972774707758,1.0,1.0,0.0,1.0,0.0
34.76338288306834,0.4933864624712465,2.287777352357621,1.0,0.0,0.0,0.0,0.0
31.93669407823058,2.4750042386408464,2.5551562708379647,1.0,0.0,0.0,1.0,0.0
16.1059145567507,1.5111473883056483,0.5693621579164224,1.0,0.0,0.0,1.0,0.0
0.8711388299977213,0.2290794034178032,1.0149660527119255,0.0,0.0,0.0,1.0,0.0
35.18881862677753,0.1058947085888755,0.5754556440019315,1.0,0.0,0.0,1.0,0.0
6.099177656609281,3.236169769153362,1.0989660434815265,1.0,0.0,0.0,0.0,0.0
12.985264460617666,0.1179835661675843,1.4477409246874855,1.0,0.0,0.0,1.0,0.0
119.03063917692845,2.056456845682791,0.1744922174909388,1.0,0.0,0.0,1.0,1.0
67.50212099476936,0.1977541646638512,5.995448681845586,1.0,1.0,0.0,1.0,1.0
0.7364317108496499,0.7889871535749532,0.1345403220227948,0.0,0.0,0.0,1.0,0.0
10.68373532648973,2.3515267634288484,0.6949507751726265,1.0,0.0,1.0,1.0,0.0
1.446897711578488,18.52913135445267,4.072175793173072,0.0,1.0,0.0,1.0,1.0
11.164646669400154,1.2196649820380523,0.8245637765944112,1.0,0.0,0.0,1.0,0.0
144.94721180680867,3.8029058187189473,2.7858053291272245,1.0,0.0,0.0,0.0,0.0
30.859860611977627,0.5411051322785252,2.245474090910389,1.0,0.0,0.0,1.0,0.0
76.33348030600177,0.2351755948521418,0.826018973261806,1.0,1.0,1.0,1.0,0.0
3.1809583011510534,119.843040512893,1.3131237750480198,1.0,1.0,0.0,1.0,0.0
22.33706403702633,3.202626520465945,2.8703602887949105,1.0,0.0,0.0,0.0,0.0
24.093433126625023,1.7287738362539458,3.7108814516827167,1.0,1.0,0.0,1.0,0.0
1.3028753238631678,0.4805836392043363,0.8315531445101193,0.0,0.0,0.0,1.0,0.0
2.585414611609362,1.977430867595931,12.783040661458005,1.0,0.0,0.0,0.0,0.0
40.251734801153816,0.2868039902079859,0.818445665935367,1.0,0.0,0.0,1.0,0.0
9.622439788055624,0.6113487952794526,0.272306648166631,1.0,0.0,0.0,1.0,0.0
115.15818979944244,2.852697431616773,0.4883317209012329,1.0,0.0,0.0,0.0,0.0
40.332846381868045,1.2309038570771993,1.903846471391882,1.0,0.0,0.0,1.0,0.0
102.1089448952728,0.4968401860672798,1.2117363287821203,1.0,0.0,0.0,1.0,1.0
49.73925790503044,0.3270697974251288,0.4594825053151704,1.0,0.0,0.0,0.0,0.0
73.22700532510558,2.8130244078337,2.064298092070859,1.0,0.0,0.0,0.0,0.0
49.98427734074828,47.42262454142138,2.1453884468519613,1.0,0.0,0.0,1.0,0.0
6.205381634509344,1.4379226875202653,0.5317186298356347,1.0,0.0,0.0,1.0,0.0
628.0385433306998,2.6397626519218496,1.017373723915824,1.0,0.0,0.0,1.0,1.0
20.9771142155286,2.7972581933432084,2.850331209155456,1.0,0.0,0.0,1.0,0.0
5.655190124633772,3.2286326536679404,0.5263666520435687,1.0,1.0,0.0,1.0,0.0
3.735151538102502,2.97880642667439,0.3704728027718105,1.0,0.0,0.0,0.0,0.0
43.33074526409922,3.559659589514807,3.883389809322238,1.0,0.0,0.0,0.0,0.0
23.04506474906729,1.9833095462389656,0.3468413835601476,1.0,1.0,0.0,1.0,0.0
19.10562388095132,10.05274926081688,2.698332172349627,1.0,1.0,0.0,0.0,0.0
23.54680562611665,1.2425220163339388,0.6780101966144846,1.0,0.0,0.0,1.0,0.0
4.507795392515545,4.323807494345302,0.725334071208432,1.0,1.0,0.0,0.0,0.0
12.67292972775869,0.0561219769948851,0.845229764872957,1.0,1.0,1.0,1.0,0.0
9.99322773830771,1.1751702128265271,1.0351595412996584,1.0,1.0,0.0,1.0,0.0
2.8250184675937446,0.0664529037151737,8.168123488861124,1.0,0.0,0.0,0.0,0.0
0.8071715640650039,1.3908508408868163,1.0183465779332934,0.0,0.0,0.0,0.0,0.0
77.42034814415004,0.0272431116095875,0.1458261206163093,1.0,0.0,0.0,0.0,0.0
0.8751164307086884,8.657903392923071,0.194190919705801,0.0,0.0,0.0,1.0,0.0
10.745102727114256,0.6722690540268101,4.754235028766365,1.0,0.0,0.0,1.0,1.0
28.96261720872925,24.36756571068705,0.2022960432781403,1.0,0.0,1.0,1.0,0.0
15.16847997918202,2.312089158123817,0.0876923343444624,1.0,0.0,0.0,1.0,0.0
2.1727784158964383,3.361392257214441,0.3835145594225968,1.0,0.0,0.0,1.0,0.0
3.618605364065272,9.8121621759718,0.2283195210722974,1.0,0.0,0.0,0.0,0.0
61.14688568933716,1.770400795349029,0.4503080847065248,1.0,0.0,0.0,0.0,0.0
3.967273663822127,1.735556989404019,0.4763544953500466,1.0,0.0,0.0,0.0,0.0
4.402585033717936,0.8910319515881013,1.878105189208792,1.0,1.0,0.0,1.0,0.0
9.08348432954583,0.1393427331092535,0.5748212542375044,1.0,0.0,0.0,1.0,0.0
6.716312079061697,0.7092213507829965,4.092143485347645,1.0,1.0,0.0,1.0,1.0
35.21954956231994,2.256602598181439,1.26608690040336,1.0,1.0,0.0,1.0,0.0
21.40402063958956,4.251296492468105,0.2837818265895155,1.0,0.0,0.0,0.0,0.0
3.535271439868915,0.0155035105355884,3.4092487983647084,1.0,0.0,0.0,0.0,0.0
1.074343388643213,6.678350598483073,3.31800803875252,0.0,0.0,1.0,1.0,0.0
15.039740454851582,0.1349461429486017,0.5041683725242454,1.0,0.0,0.0,1.0,0.0
13.894687579109386,0.0167401407041486,3.048362259602272,1.0,1.0,0.0,1.0,0.0
1.7174330382834897,1.69544939863058,0.3819148296347024,0.0,0.0,0.0,0.0,0.0
43.89398686467757,0.0467966407332947,4.061299226808356,1.0,0.0,0.0,1.0,1.0
16.152201486246625,0.5988319593512879,0.4443176566893618,1.0,0.0,0.0,0.0,0.0
50.14445087105021,2.53195092253934,7.952708843293757,1.0,1.0,0.0,1.0,1.0
23.852483524052342,4.829870383332888,5.184260410355388,1.0,1.0,0.0,0.0,0.0
7.712273553019368,0.8451353048832526,1.470184783650104,1.0,0.0,0.0,1.0,0.0
6.0464423000378815,1.5808726126616324,0.8085704918548148,1.0,0.0,0.0,0.0,0.0
11.563604176412769,0.8361724497225669,0.8067062971580607,1.0,0.0,0.0,1.0,0.0
11.10055253952119,0.384532361061354,0.8142447009307018,1.0,1.0,0.0,0.0,0.0
21.762538702253536,0.8577908402805166,0.5381193841023911,1.0,0.0,0.0,1.0,0.0
23.06691503807062,2.786031324214077,0.7302353676556654,1.0,1.0,0.0,1.0,0.0
17.72847909134752,1.1426784712052902,0.1559870291123182,1.0,0.0,0.0,0.0,0.0
36.95002057438439,0.273953083014134,0.888623248155319,1.0,1.0,0.0,0.0,0.0
53.55053583743522,0.015593410357574,1.019786699094652,1.0,1.0,0.0,0.0,0.0
143.4682493623918,3.2353162078939746,0.117555131304561,1.0,0.0,1.0,1.0,0.0
5.108964253925211,17.4684560063284,1.1055323524392917,1.0,1.0,0.0,1.0,0.0
40.48878329204096,10.011122808216106,4.3155070428679485,1.0,0.0,0.0,1.0,1.0
12.098043483396529,3.106440909670255,0.5212229022032039,1.0,0.0,0.0,1.0,0.0
42.86666783756421,1.5107739435476155,2.8785460642935483,1.0,1.0,0.0,1.0,0.0
11.583919216199988,0.0779269013401864,1.737292040266528,1.0,0.0,1.0,1.0,0.0
2.4230324690319165,0.7096989483817817,0.4024225554518724,1.0,0.0,0.0,1.0,0.0
32.348364235836655,0.1404476762894304,2.749248140441943,1.0,0.0,0.0,1.0,0.0
7.419193597789977,2.4172755711496325,0.6516253853620453,1.0,1.0,0.0,1.0,0.0
1.0998497196467392,1.4506015400663803,0.7737282084641435,0.0,0.0,0.0,1.0,0.0
1.5934631762681737,2.589413335103836,6.363209136662731,0.0,0.0,0.0,0.0,1.0
3.1276711678890785,0.0439814556498383,1.1375839229292912,1.0,0.0,0.0,0.0,0.0
3.51162871453109,0.5560066809199607,0.6403214321113357,1.0,0.0,0.0,1.0,0.0
2.089789179061384,0.4481964467989061,4.244109593732004,1.0,0.0,0.0,0.0,0.0
6.620223055757171,0.7790909319392414,4.001608459154577,1.0,1.0,0.0,1.0,1.0
2.962714262622318,0.95085092616484,0.8974108188702381,1.0,0.0,0.0,0.0,0.0
89.49833773983484,185.7257119140991,1.4778578727631948,1.0,1.0,0.0,0.0,0.0
2.579448701616821,0.3735649458950145,5.6026015969914775,1.0,0.0,0.0,1.0,1.0
4.016782505017127,1.6603503286524073,1.6084999350979647,1.0,0.0,0.0,1.0,0.0
3.2530528943991253,0.1388286005725668,0.238364933080876,1.0,0.0,0.0,0.0,0.0
1.0432897305416626,0.2916271946944558,2.114818306899381,0.0,0.0,0.0,0.0,0.0
7.299017756959413,4.378069568734943,0.5471078915412201,1.0,0.0,0.0,1.0,0.0
3.9201310919418826,2.498237232610073,1.320422356278398,1.0,0.0,0.0,1.0,0.0
20.509189226218663,2.697895603040706,2.149407975674852,1.0,0.0,0.0,1.0,0.0
1.7816018553879347,0.4060401640660288,2.777630364799167,0.0,1.0,0.0,0.0,0.0
0.8925376836139471,1.520198355902798,0.4858812706757438,0.0,1.0,0.0,1.0,0.0
29.525084205092,0.7020957442092538,4.990501093134029,1.0,0.0,0.0,1.0,1.0
1.8883422120947304,1.3376827593525933,0.3431034195593572,0.0,1.0,0.0,1.0,0.0
27.102484496146573,1.940069470159529,3.691891341975941,1.0,0.0,0.0,1.0,0.0
2.704160751518045,1.5780378851115768,20.356141503900258,1.0,0.0,0.0,0.0,0.0
48.69569133753615,5.603229953144839,7.973608225915288,1.0,0.0,0.0,0.0,0.0
0.7521817626376148,0.6230548417745236,9.90338798698454,0.0,0.0,0.0,1.0,1.0
24.404409683362847,1.6081474509243785,1.1629783204841773,1.0,1.0,0.0,1.0,0.0
1.0841567075776566,0.80220161431169,0.2524570123501156,0.0,1.0,0.0,1.0,0.0
83.9314163249393,0.6564568305656667,0.7183460000842826,1.0,0.0,1.0,1.0,0.0
12.989775736162049,2.319862934641691,1.78289195595784,1.0,0.0,0.0,0.0,0.0
61.08923593977873,0.492264568415005,3.366255478640616,1.0,0.0,0.0,1.0,0.0
2.822494986074949,0.6014829402567332,0.5251265099586041,1.0,0.0,0.0,0.0,0.0
9.922538964696413,9.06649026286304,1.069050522777652,1.0,1.0,0.0,1.0,0.0
78.20175318378622,5.111130755219102,2.435830764046426,1.0,0.0,0.0,0.0,0.0
28.35324393697353,1.14350970690232,0.2643820771963006,1.0,1.0,0.0,1.0,0.0
225.58941679862787,3.2665047618445606,2.901519728594756,1.0,0.0,0.0,1.0,1.0
23.28573499866088,0.4568043716916625,2.183931324336972,1.0,1.0,0.0,1.0,0.0
0.8373648211242278,0.5489612555343696,0.3712102428702265,0.0,1.0,0.0,0.0,0.0
0.9088997974567748,0.4284060820976471,1.2527513536469954,0.0,0.0,0.0,0.0,0.0
2.7351961668347644,0.3349757683252575,0.5919511803223253,1.0,1.0,0.0,1.0,0.0
31.435327763220297,0.1946220575707853,0.2455560330081233,1.0,0.0,0.0,0.0,0.0
4.4858383940632045,0.0391036410316319,1.0562499328094743,1.0,1.0,1.0,1.0,0.0
8.048348352432626,0.1313411284539417,0.684320719185976,1.0,0.0,0.0,0.0,0.0
8.90085707006501,43.961119061887736,0.904830359567914,1.0,1.0,0.0,0.0,0.0
8.544321167048992,0.2352608568129889,0.4288216674952062,1.0,1.0,1.0,0.0,0.0
13.53643294932238,58.47534941761098,0.2247322014006178,1.0,1.0,0.0,0.0,0.0
1.410317103456799,35.636482505299256,2.246419820985469,0.0,0.0,0.0,1.0,0.0
7.866812146978129,0.2299718453122239,0.5727138471118555,1.0,0.0,0.0,1.0,0.0
3.816068205235843,0.0621450166434623,2.1935369654065,1.0,1.0,0.0,0.0,0.0
1.4773306915267383,0.8799051585562236,1.5553751026993476,0.0,0.0,0.0,1.0,0.0
14.049511519204984,1.8555164699760225,1.3717240272694478,1.0,1.0,0.0,1.0,0.0
28.84359468306267,7.22288263024801,0.6663930237138771,1.0,0.0,0.0,1.0,0.0
11.411212738532493,0.2139659336951687,1.3564688068926156,1.0,1.0,0.0,0.0,0.0
59.329778126414894,1.9674979765055187,2.019762953498544,1.0,0.0,0.0,0.0,0.0
6.405986917019932,1.5009087558296244,3.913670734273384,1.0,1.0,0.0,0.0,0.0
4.529699093773869,1.2569555261144738,0.6511130579597965,1.0,0.0,0.0,0.0,0.0
27.10342004133818,0.0660357795720829,2.2468852131861152,1.0,0.0,0.0,1.0,0.0
1.871182266205196,3.736482946974357,1.2300013579246565,0.0,0.0,0.0,0.0,0.0
131.35380346954048,1.8598114232768983,0.3015865654971212,1.0,0.0,0.0,1.0,1.0
41.03809153248876,0.0414733384290665,0.1872034256205247,1.0,0.0,0.0,1.0,0.0
51.90871266615672,1.3832707538022362,0.8240632090779684,1.0,0.0,0.0,1.0,0.0
1.835428519020254,0.1442368639014958,1.356993533856537,0.0,1.0,0.0,0.0,0.0
1.02727184836282,0.1045884522198028,3.15277940458522,0.0,1.0,0.0,1.0,0.0
14.202144453194787,1.9417123762297093,3.762503264873424,1.0,1.0,1.0,1.0,0.0
10.904172561383476,0.5401286750913702,3.891582126335364,1.0,1.0,0.0,1.0,0.0
22.0584951878496,0.850505504939143,0.8554732570677243,1.0,0.0,1.0,0.0,0.0
78.60536782364964,0.8085999183628368,1.0172872668741233,1.0,1.0,0.0,1.0,0.0
29.097293474296432,2.4068312826327003,0.6602484845458187,1.0,0.0,0.0,1.0,0.0
11.917441361232411,0.3591260948539052,2.305657522067889,1.0,0.0,0.0,0.0,0.0
2.2554987019441994,68.0232054181164,0.0516006110999035,1.0,1.0,0.0,0.0,0.0
112.12436076524408,1.2624060910397277,2.5026114031123368,1.0,1.0,1.0,1.0,0.0
52.2866423840623,0.3363606112475085,0.8182374060075569,1.0,0.0,0.0,0.0,0.0
7.712934127384071,0.5476886875995789,1.519847257427504,1.0,0.0,0.0,1.0,0.0
3.779501934467891,0.1088600076219769,4.26194151502334,1.0,0.0,0.0,1.0,1.0
12.99849372212661,5.774115158911719,0.9243552138091196,1.0,1.0,1.0,1.0,0.0
24.267563615383683,3.114765150925639,0.559400371581477,1.0,0.0,0.0,1.0,0.0
19.001956628833224,2.079690047395612,7.456934993387389,1.0,0.0,0.0,0.0,0.0
4.257185789652449,0.3766019821367299,0.270784332156147,1.0,0.0,0.0,1.0,0.0
21.24573745117023,6.5000732641017525,2.0923765334912705,1.0,0.0,0.0,1.0,0.0
4.0793456778584485,0.4781234926270388,0.1227762572293721,1.0,0.0,0.0,1.0,0.0
5.310773282815662,8.200153520481376,4.841560837396599,1.0,0.0,1.0,0.0,0.0
90.27697599331022,0.0365240259934433,1.9650912899723292,1.0,0.0,0.0,1.0,0.0
1.6982129789324047,1.36075403849873,1.9969836809161503,0.0,0.0,0.0,1.0,0.0
36.25937031558171,3.5739127003161077,4.570348338367621,1.0,0.0,0.0,1.0,1.0
19.947740091917662,0.4146754251106752,3.573271388305629,1.0,0.0,0.0,1.0,0.0
13.813078052194124,0.0577124578747227,0.4232758322331353,1.0,0.0,0.0,0.0,0.0
2.683188838999588,0.1685103131225139,0.7294771057957339,1.0,0.0,0.0,1.0,0.0
3.829596442231375,1.6741124062964563,1.39545111914883,1.0,0.0,0.0,0.0,0.0
11.509991483605676,1.781713198467621,2.142185386937045,1.0,0.0,0.0,0.0,0.0
2.673372290633078,0.3634598631459219,0.5358370784336325,1.0,0.0,0.0,1.0,0.0
3.726536034072319,5.208707785300637,0.6538863098253406,1.0,1.0,0.0,1.0,0.0
1.3660459342875138,0.4332232655915105,2.41287521454716,0.0,0.0,0.0,1.0,0.0
8.064580314897459,1.0640326806097928,1.4080008077728687,1.0,0.0,0.0,1.0,0.0
34.205982675002105,2.5408687029208084,2.588877930848845,1.0,0.0,0.0,1.0,0.0
0.6065632311626628,0.5008864251671726,3.4455494131015763,0.0,1.0,0.0,0.0,0.0
3.646820697822559,0.7389998644834469,1.7525882964402562,1.0,0.0,0.0,0.0,0.0
45.220073147362,3.305543825422088,0.6901532119999718,1.0,0.0,0.0,0.0,0.0
10.037414002222151,0.6351779605722889,2.0608540627965466,1.0,1.0,0.0,0.0,0.0
18.701198136979027,0.3792836086700456,2.7106472912435398,1.0,0.0,0.0,0.0,0.0
17.52524124671226,1.4972304275904629,0.4421974378726506,1.0,1.0,0.0,0.0,0.0
10.409659723673125,0.0130699677756173,0.2831671481011186,1.0,1.0,0.0,1.0,0.0
66.19152409140189,1.091614910892997,0.7045133716166849,1.0,0.0,0.0,1.0,0.0
19.87622762960933,398.6958115173051,0.999711242633067,1.0,0.0,0.0,1.0,1.0
8.018257957278681,0.164417058470558,1.6621690181660005,1.0,0.0,0.0,0.0,0.0
18.863774387106837,10.252402086101336,1.9439280811547817,1.0,0.0,1.0,0.0,0.0
3.263289458479013,5.053742860703405,1.5012415273871438,1.0,0.0,1.0,1.0,0.0
6.425614825549667,0.279227536177918,1.016189592003299,1.0,0.0,0.0,1.0,0.0
1.1969592717062916,0.0956779717828778,2.5264658359437027,0.0,0.0,0.0,1.0,0.0
16.834221196703517,0.0962270871227374,0.3577141616061777,1.0,0.0,0.0,1.0,0.0
14.047958481596517,42.32869206457149,1.0145752851117626,1.0,0.0,0.0,1.0,0.0
769.4666948254604,1.4593947443139546,0.7329045043507824,1.0,1.0,0.0,1.0,0.0
66.69480824847686,0.0219897728318105,0.6351365656547854,1.0,0.0,0.0,1.0,0.0
8.000922176368789,0.320132867672891,0.5458577435845968,1.0,1.0,0.0,0.0,0.0
25.81281532951445,113.95628677943756,0.4448498894118479,1.0,0.0,0.0,1.0,1.0
14.452672093219476,0.0213835994196024,0.4921996665079726,1.0,0.0,0.0,0.0,0.0
145.7603512039624,0.0531402185074445,1.1352418332448526,1.0,0.0,0.0,1.0,1.0
7.771420240215022,9.603521705287797,0.2003855793506879,1.0,1.0,0.0,1.0,0.0
2.5168276862081718,1.8798660564608425,0.016040664982672,1.0,0.0,0.0,1.0,0.0
2.027752930721393,0.216861206693539,7.801298747285874,1.0,1.0,0.0,1.0,1.0
530.152225772415,0.346524405123465,0.5369420903586167,1.0,0.0,0.0,0.0,0.0
3.5678126946296875,0.8638451865871404,0.40544470445523,1.0,0.0,0.0,1.0,0.0
11.24221476810142,0.6567578011592654,0.6311709566400933,1.0,0.0,0.0,0.0,0.0
56.01575500521488,5.979452376079958,3.723917516300405,1.0,1.0,0.0,1.0,0.0
6.027837785549295,0.2163558742211852,0.1978070281403322,1.0,0.0,0.0,0.0,0.0
18.01237427207555,8.265889171058227,5.670710352278407,1.0,1.0,0.0,0.0,0.0
3.330863185576919,3.1866417605419883,0.2702291453349859,1.0,0.0,0.0,1.0,0.0
67.21507203990758,66.99259712399065,7.990820008613629,1.0,0.0,0.0,0.0,1.0
15.743921055315692,0.7838156260804164,1.3905511802136457,1.0,0.0,0.0,0.0,0.0
4.812343170076312,0.438961021233642,3.159136298932497,1.0,0.0,0.0,1.0,0.0
9.684467822863857,1.2658853176187617,0.6888812542795807,1.0,0.0,0.0,1.0,0.0
10.670792049657784,0.1240730827477272,0.7265501996917157,1.0,0.0,0.0,1.0,0.0
9.730133702790996,0.7008697756296033,0.1342728590071085,1.0,1.0,0.0,1.0,0.0
3.900958464068716,0.5138303630566996,0.9018279419845264,1.0,0.0,0.0,1.0,0.0
7.545770962436483,0.4296619556491889,0.7844261938401157,1.0,1.0,0.0,1.0,0.0
6.252779219999874,2.5222651981100426,1.2398498199683428,1.0,0.0,0.0,1.0,0.0
50.99260520228192,0.0834461235332546,2.871377098648806,1.0,0.0,0.0,1.0,0.0
9.629963263630923,0.0053669366972745,1.8183640175319515,1.0,0.0,0.0,0.0,0.0
11.85769416806355,0.1021083525284908,11.614215155419656,1.0,0.0,1.0,1.0,0.0
3.224326680793318,0.0221117724215812,0.1378339029866284,1.0,0.0,0.0,1.0,0.0
17.96889769685601,6.032576156640563,0.2646942454656397,1.0,1.0,0.0,0.0,0.0
0.9892037749775576,2.74656811533824,0.147813278806236,0.0,0.0,0.0,0.0,0.0
1.1228857733947235,0.7430812340693865,1.0263274315105837,0.0,0.0,0.0,1.0,0.0
4.892890841280115,0.9011591156100364,0.7399702694382887,1.0,1.0,0.0,1.0,0.0
16.56783184630468,2.525783038077181,6.555625511125906,1.0,0.0,0.0,1.0,1.0
7.78567179244002,1.774801289628136,1.034361276350442,1.0,0.0,1.0,0.0,0.0
10.87921973444119,2.5228567799605472,1.9316266469107224,1.0,0.0,0.0,0.0,0.0
39.427236927399335,0.103689597884125,0.0464271585473255,1.0,1.0,0.0,1.0,0.0
12.819237900204255,4.484749819144287,0.3710455867615777,1.0,0.0,0.0,0.0,0.0
11.429379181761476,0.1016900589680351,0.8186152274708263,1.0,1.0,0.0,1.0,0.0
6.09222598971635,0.2613361965017395,1.9268653458192917,1.0,1.0,1.0,1.0,0.0
28.927410569045712,31.99127199450382,7.074720282800152,1.0,1.0,0.0,0.0,0.0
1.0460092397810616,0.5201862268376566,5.49897191698282,0.0,0.0,1.0,1.0,0.0
10.345307009350035,0.7309955773328802,0.3529549864108298,1.0,0.0,0.0,1.0,0.0
1.6874585462124454,11.546069515487988,6.128528951308921,0.0,0.0,0.0,1.0,1.0
7.434878905929229,7.752456840697939,0.7074146900189391,1.0,0.0,0.0,1.0,0.0
2.194942042022736,0.1621209530574423,0.2975098797812416,1.0,0.0,0.0,1.0,0.0
0.902054059805182,9.68504098073397,1.0311875483484452,0.0,0.0,0.0,0.0,0.0
7.964813899663298,0.7021783918179434,1.4951490763893314,1.0,0.0,0.0,1.0,0.0
3.894768368350667,5.629824346160807,0.5342260240328511,1.0,0.0,0.0,0.0,0.0
38.66758120766282,0.1283533779674414,0.5096293298191003,1.0,1.0,0.0,1.0,0.0
76.96542703025963,3.5017999672546747,0.747867252508538,1.0,1.0,0.0,0.0,0.0
7.503779029356011,0.2874397627644655,0.6348862218834341,1.0,0.0,0.0,0.0,0.0
13.10571079385812,0.4339869293486112,1.6657599712346962,1.0,1.0,0.0,1.0,0.0
10.091650826465637,2.2832855550198894,1.437711919586101,1.0,0.0,0.0,1.0,0.0
43.76100469136557,0.0594053549042865,1.0752005240329232,1.0,0.0,0.0,0.0,0.0
1.4394031074710576,3.324821615424357,2.71404795393551,0.0,0.0,0.0,1.0,0.0
5.836156012022368,2.124006747798987,3.215904197568045,1.0,0.0,0.0,1.0,0.0
40.36828910959601,0.3333930735539024,2.80530613476408,1.0,0.0,0.0,1.0,0.0
2.211235392261937,2.294902864429268,1.4734727641911092,1.0,0.0,0.0,1.0,0.0
42.95717382462058,11.721856129688144,0.8476749801474943,1.0,0.0,0.0,1.0,0.0
3.8305896593483,0.9042362248693864,1.7935615352068115,1.0,0.0,0.0,1.0,0.0
17.637539222718914,0.5974340645579704,0.3850173370818385,1.0,1.0,0.0,1.0,0.0
2.2275506443816893,32.72266823734018,0.3928975068050357,1.0,0.0,0.0,1.0,0.0
9.561434326842669,4.738715068248692,0.5773937912923405,1.0,0.0,0.0,1.0,0.0
25.905782732565765,2.7490435091229117,8.700177072157231,1.0,0.0,0.0,1.0,1.0
2.0401889889868148,21.15018872372774,0.3208371597803163,1.0,0.0,0.0,0.0,0.0
40.132357513680894,1.581802546162291,0.6918095409177688,1.0,0.0,0.0,1.0,0.0
9.085433656593391,1.301539889707155,10.366280150539476,1.0,0.0,0.0,1.0,1.0
1.410779191371324,0.1093357511760233,5.085314086209175,0.0,0.0,0.0,1.0,1.0
4.596187599837127,0.02108916453609,36.41021527810821,1.0,0.0,0.0,0.0,0.0
2.880563544485915,3.6068431124929865,0.951663730065856,1.0,0.0,0.0,1.0,0.0
156.82265060053462,2.8445025598264424,2.094787436684576,1.0,0.0,0.0,1.0,1.0
8.555487273838837,1.45727790290686,0.4165504356242006,1.0,1.0,0.0,0.0,0.0
1.3408345908106063,0.3202596730573488,0.9191325047983322,0.0,0.0,0.0,1.0,0.0
2.5338835521919534,0.5293868226207601,1.117621878687752,1.0,1.0,1.0,0.0,0.0
56.92767705250888,0.730884758737422,0.6308723347296016,1.0,0.0,0.0,1.0,0.0
1.4840908737722116,4.582093745883432,0.7852394446943517,0.0,0.0,0.0,0.0,0.0
29.1831557716234,1.0226156548007737,2.1014288249441946,1.0,0.0,0.0,1.0,0.0
45.11448630641384,13.757093499126151,0.138903578133288,1.0,1.0,0.0,1.0,0.0
6.032373003213376,0.3842579074152503,1.6195691301886748,1.0,0.0,0.0,1.0,0.0
11.8157055188434,0.0283369758742633,0.8340462863357577,1.0,0.0,0.0,1.0,0.0
140.1603751112879,0.5509303062564709,0.6256466392528658,1.0,0.0,0.0,0.0,0.0
0.920792989592464,0.967371959345424,2.7093569701995324,0.0,1.0,1.0,0.0,0.0
36.43711811884857,0.0645698060880769,1.768144160984691,1.0,1.0,0.0,0.0,0.0
1.962558290202056,1.518036309010078,1.08127515967467,1.0,0.0,0.0,0.0,0.0
23.61926266898232,0.4132634497386607,6.356852082487935,1.0,0.0,0.0,0.0,0.0
14.239769299733336,0.8967597082692749,1.5465156510546507,1.0,0.0,0.0,0.0,0.0
0.8894432395767499,4.60203110820634,2.3621866373188847,0.0,0.0,0.0,0.0,0.0
6.532782497665212,0.1789544735782046,0.417957272209626,1.0,0.0,0.0,0.0,0.0
23.13257964734712,0.6872669601898006,1.9358278656803305,1.0,1.0,0.0,1.0,0.0
4.7251262984318805,1.9379325227076567,1.5191405654921393,1.0,0.0,1.0,1.0,0.0
132.15149839793455,1.5275938215405196,0.3625848179616697,1.0,0.0,0.0,0.0,0.0
51.07847976593884,0.5550860931218745,0.5780099686874752,1.0,0.0,0.0,1.0,0.0
5.523896897342002,0.898433883328558,0.2933348086766374,1.0,0.0,0.0,1.0,0.0
3.427086237741874,1.0396893572252373,1.254539274325038,1.0,1.0,0.0,1.0,0.0
4.09620872966232,2.558416504886555,0.1769797238356903,1.0,0.0,0.0,0.0,0.0
16.655191474494337,1.3459372966999363,0.1868032638992525,1.0,0.0,0.0,1.0,0.0
3.090901535908551,45.55303990066486,2.663565837842245,1.0,1.0,0.0,1.0,0.0
3.488012686897329,0.4501343493691337,5.548493350509206,1.0,1.0,0.0,1.0,1.0
16.336617702396588,1.145719374163574,0.7593683232702656,1.0,0.0,0.0,0.0,0.0
0.5015299130314521,0.9639481553790558,0.7664994873989307,0.0,0.0,0.0,1.0,0.0
2.3399825680542525,18.17379200236016,4.63853257402184,1.0,0.0,1.0,1.0,0.0
132.9140383414611,0.1936924496033269,2.5180061680981365,1.0,0.0,0.0,0.0,0.0
0.1703816042207054,0.78390229879375,0.31887823382553,0.0,0.0,0.0,1.0,0.0
22.78440746224073,0.2031582873019466,4.345470266936313,1.0,0.0,0.0,0.0,0.0
13.592970039089192,8.63944734233703,0.6961844739632499,1.0,0.0,0.0,1.0,0.0
5.517981603617871,17.236542366650127,0.6018988979549811,1.0,0.0,0.0,1.0,0.0
171.4524974155992,0.277879937154065,0.5505532093244808,1.0,0.0,0.0,1.0,1.0
17.13090906123663,2.886786546375616,0.1607620619129671,1.0,1.0,0.0,1.0,0.0
8.349991032219965,0.4525432969182284,0.6255872882140059,1.0,1.0,0.0,0.0,0.0
15.296369102264574,0.6887461291161262,0.2360030021432146,1.0,0.0,0.0,1.0,0.0
33.35395598638573,0.2115156848716741,3.5057372651824443,1.0,0.0,0.0,0.0,0.0
13.31933879819196,0.2102688259762755,2.1111911325268493,1.0,0.0,0.0,0.0,0.0
31.347886515242035,32.74823853044185,0.1998406008961426,1.0,0.0,0.0,1.0,0.0
5.627085141823726,5.3030957386821775,3.73197721290163,1.0,0.0,0.0,0.0,0.0
14.246003482981427,0.8391967451067056,1.3036255396122527,1.0,0.0,0.0,1.0,0.0
52.7842681957566,4.691739725153531,3.4177808987988136,1.0,0.0,0.0,0.0,0.0
19.825633490230395,1.2387664357144104,2.104742187509466,1.0,0.0,0.0,1.0,0.0
6.0132464697419925,0.2136565308435956,0.9382611110793526,1.0,0.0,0.0,1.0,0.0
11.316950904572128,0.6324950352316446,3.02810688881362,1.0,0.0,0.0,1.0,0.0
1.2835077178945256,1.3391592492728857,0.1323115698453411,0.0,0.0,0.0,1.0,0.0
41.79887927710924,0.3165444096559021,1.7309004951162803,1.0,1.0,0.0,0.0,0.0
9.357418295504656,0.0184043867126257,0.3788143845887478,1.0,0.0,0.0,1.0,0.0
2.218214971798128,6.137432831345059,0.5605047420653699,1.0,0.0,0.0,1.0,0.0
3.9588750317251886,0.2460290090629956,0.6149680481749183,1.0,1.0,0.0,1.0,0.0
10.674529500501531,0.1383018975480775,1.9915281440197303,1.0,0.0,0.0,1.0,0.0
21.44869084373372,0.2861135918340793,1.270965371358386,1.0,0.0,0.0,0.0,0.0
13.634791089503713,0.1891030018689731,1.145689956891296,1.0,0.0,0.0,0.0,0.0
0.2987345089363049,1.208501391568354,2.337392083519985,0.0,1.0,0.0,0.0,0.0
24.895006900639093,0.7477675265564017,2.111850710191987,1.0,0.0,0.0,0.0,0.0
2.923238456563803,0.1064267320393409,1.6475664223494912,1.0,0.0,0.0,1.0,0.0
8.014042699284103,3.8426733888559657,0.5283662333847864,1.0,0.0,0.0,1.0,0.0
34.57324485886594,0.8833683734200913,0.8144711346323273,1.0,1.0,0.0,0.0,0.0
11.503168954352608,0.0255981429922831,0.75733606683009,1.0,0.0,0.0,1.0,0.0
4.282374678215151,44.28842359122709,1.3926284729517506,1.0,0.0,0.0,1.0,0.0
7.296790400643369,0.685405175961768,0.3952781856794335,1.0,0.0,0.0,1.0,0.0
18.082569882940877,2.3451017493332107,0.6787579524204511,1.0,0.0,0.0,1.0,0.0
4.243342846527636,3.7791949732358736,2.080259516144683,1.0,0.0,0.0,1.0,0.0
4.818250299290401,0.6675935698307454,0.1325425500063529,1.0,0.0,0.0,0.0,0.0
10.766145726090803,0.0627198905589298,0.290691593016893,1.0,1.0,0.0,0.0,0.0
8.87496077672438,0.5036157146951101,0.2032902196953825,1.0,1.0,0.0,1.0,0.0
0.637628598037126,0.08350924808131,0.4455853129175746,0.0,0.0,0.0,1.0,0.0
6.687529278685165,1.5178484516156308,0.519772058988433,1.0,1.0,0.0,0.0,0.0
0.6107815275617557,1.903605055523113,2.727327505124902,0.0,0.0,0.0,0.0,0.0
3.532213166076192,0.810352792537012,1.067640488154933,1.0,0.0,0.0,1.0,0.0
0.9227476898245692,6.334541978468728,0.3905631234615317,0.0,0.0,0.0,1.0,0.0
118.83688044982044,0.0998036246805839,2.6465728774004824,1.0,0.0,1.0,0.0,0.0
25.28866777635331,0.3625814414324701,0.4326378272034906,1.0,0.0,0.0,1.0,0.0
106.06038663714826,3.635474919299397,7.968908840606799,1.0,0.0,0.0,1.0,1.0
20.47836283035164,6.085333965094954,0.6565353380352917,1.0,1.0,0.0,1.0,0.0
10.826977794080216,47.31438030004696,0.2034945069928517,1.0,0.0,0.0,0.0,0.0
2.9847032206846285,1.964934559189996,0.622474957096045,1.0,1.0,0.0,1.0,0.0
8.061967495884259,0.2887639492919441,0.5275799635725993,1.0,0.0,0.0,0.0,0.0
12.394439217216428,0.044953228511928,0.748521889684305,1.0,0.0,0.0,0.0,0.0
2.8801643829285584,0.0518753217258649,0.268367915224407,1.0,0.0,0.0,1.0,0.0
2.6563083181689717,0.3230121875168919,0.9642031264766406,1.0,1.0,0.0,1.0,0.0
13.546988299581349,0.0435187496832262,1.5576479006163904,1.0,0.0,0.0,1.0,0.0
22.845823053870053,1.0192506598814832,1.5741421931195518,1.0,1.0,0.0,1.0,0.0
2.4356811758316548,9.143456884422218,0.6882895589921383,1.0,1.0,0.0,1.0,0.0
6.179756653582305,0.5257254314783653,1.9063088286073928,1.0,0.0,0.0,0.0,0.0
0.2430318304090513,0.9477770563093602,1.4368304399760763,0.0,0.0,0.0,1.0,0.0
15.34088575382821,1.2606885293652226,2.7815437459763586,1.0,0.0,0.0,1.0,0.0
15.394040634654804,1.94905293193592,0.9503950401266106,1.0,1.0,0.0,1.0,0.0
44.58455404929059,116.15717885911889,1.7693237877419614,1.0,1.0,0.0,0.0,0.0
55.98255519230073,0.0364507487345474,0.3421499842347115,1.0,1.0,0.0,1.0,0.0
1.719330630512547,1.3813361697481117,1.8093732729745495,0.0,1.0,0.0,1.0,0.0
17.238948277379873,10.43456047787866,0.9306027738658644,1.0,0.0,1.0,0.0,0.0
2.307265425985417,32.7506472883422,0.2128819005911471,1.0,1.0,0.0,1.0,0.0
1.046142903538298,0.276056374147424,1.714856355774284,0.0,1.0,0.0,1.0,0.0
11.363791533690794,2.6485040306590406,2.189474099908466,1.0,1.0,0.0,1.0,0.0
1.64956991864614,0.6234606531493926,1.2876303665335074,0.0,1.0,0.0,1.0,0.0
9.647129666453733,7.375183210037285,0.183453513322915,1.0,0.0,0.0,1.0,0.0
139.87590865317503,1.1627974749683536,2.850180642188,1.0,0.0,0.0,1.0,1.0
34.1658374152653,2.937955758618198,0.422439275306998,1.0,0.0,0.0,1.0,0.0
6.553018382420133,34.55512958975476,0.0518091082072198,1.0,0.0,0.0,0.0,0.0
3.733009256450782,0.2065595384910529,0.6378553641021705,1.0,1.0,0.0,0.0,0.0
33.13049196874348,0.8020784858981329,1.06318561188778,1.0,0.0,0.0,0.0,0.0
0.3957088481832141,1.90342609795162,0.2902551049179057,0.0,1.0,1.0,1.0,0.0
27.93520324683955,0.3238960664050746,1.653613222325905,1.0,0.0,0.0,0.0,0.0
2.989906839954648,0.0926696579081623,1.6299113027312058,1.0,0.0,0.0,0.0,0.0
4.392558756367538,1.7767771466676667,2.253796900715197,1.0,1.0,0.0,0.0,0.0
82.2982127182232,2.0848949044735763,0.8381060775361138,1.0,0.0,0.0,1.0,0.0
2.217932071713842,0.2842557398310626,1.0592716846768853,1.0,0.0,0.0,0.0,0.0
3.4316484623667693,84.4631588816597,1.5400618514674018,1.0,0.0,0.0,1.0,1.0
13.395103441586842,0.9068232913395768,2.717043407108973,1.0,0.0,0.0,0.0,0.0
14.374090170277205,0.0403608726631619,0.7543085411856923,1.0,1.0,1.0,1.0,0.0
4.99414073591523,0.6921761071074048,0.4776495141211025,1.0,0.0,0.0,1.0,0.0
28.50864368398392,2.563760816703877,1.073882797819162,1.0,0.0,0.0,1.0,0.0
12.906390796993808,0.3341712678363746,0.3975068569726984,1.0,1.0,0.0,1.0,0.0
16.34465132214946,0.2356293261558096,2.17295002521515,1.0,1.0,0.0,1.0,0.0
8.326303761351694,0.2292242629796715,0.3270723295190266,1.0,1.0,0.0,1.0,0.0
7.280687371133028,2.884218873779173,1.1331753786269632,1.0,0.0,0.0,1.0,0.0
7.246162699704151,13.138186358669056,0.1777922410103996,1.0,1.0,0.0,0.0,0.0
7.554197212373677,8.199573926146337,0.5705859862859173,1.0,1.0,0.0,1.0,0.0
43.38667914809195,5.621871407477605,0.8506285656670324,1.0,1.0,1.0,1.0,0.0
11.421329143588013,12.703937164255883,0.4158931618742749,1.0,0.0,0.0,1.0,0.0
3.177653598006033,6.408885723420578,0.1090469398632292,1.0,1.0,0.0,0.0,0.0
75.17132719218102,22.70558697386089,0.4781470243102327,1.0,0.0,0.0,0.0,0.0
38.52199446524286,0.1962522528479478,0.4604819456865315,1.0,0.0,0.0,0.0,0.0
107.51469448345514,0.2388761972227316,0.6576158567482676,1.0,1.0,0.0,1.0,0.0
22.180559268754884,0.8332151824432544,4.66430496571139,1.0,0.0,0.0,0.0,0.0
23.4024134117595,6.569426350796724,0.4728918180144481,1.0,1.0,0.0,1.0,0.0
7.19381740337895,0.5342824488836769,3.187821122257179,1.0,0.0,0.0,1.0,0.0
0.8302621843128672,0.5543187745610534,1.1517791210036588,0.0,0.0,0.0,1.0,0.0
47.102524541372304,28.69725671132227,0.77042058587877,1.0,0.0,0.0,1.0,0.0
83.08514233879455,0.0687581434386916,1.164056939013432,1.0,0.0,0.0,0.0,0.0
3.071968403498392,39.46795913331941,1.5379693753586787,1.0,1.0,0.0,1.0,0.0
50.81490523629453,0.3485133444231935,0.9741710644626884,1.0,0.0,0.0,1.0,0.0
0.715924746720264,0.0225682307648717,3.667650112524951,0.0,0.0,0.0,1.0,0.0
11.679341768056648,2.3229735055979632,0.7745880000099062,1.0,1.0,0.0,0.0,0.0
2.209525957921908,0.0698356151526051,7.835710707115814,1.0,1.0,0.0,0.0,0.0
1.8990563248256744,0.1775307506364696,2.986532395355147,0.0,1.0,0.0,1.0,0.0
0.7581709848934873,2.657595197229798,1.279984134328301,0.0,1.0,0.0,0.0,0.0
19.18235927657952,1.224014184614389,0.8261884877710157,1.0,0.0,0.0,1.0,0.0
101.18278412684494,0.6078089907749579,0.986395537902146,1.0,0.0,0.0,0.0,0.0
5.1643727352610345,0.2730841536007505,0.4050208080504441,1.0,1.0,0.0,1.0,0.0
9.315999599495974,0.037378035924029,3.8528735553985127,1.0,0.0,0.0,1.0,0.0
11.6271639683122,2.6415068833051865,0.1396457847230073,1.0,1.0,0.0,1.0,0.0
17.80801744392608,0.4848021807900957,0.8199505406342863,1.0,1.0,0.0,1.0,0.0
1.6791072850564508,87.0162219877445,0.9907909525142516,0.0,1.0,0.0,1.0,1.0
13.015747434638808,19.662424884782595,0.5683559729224044,1.0,0.0,0.0,0.0,0.0
66.74565912513673,12.0229288186709,0.7569686290510944,1.0,0.0,0.0,0.0,0.0
17.899973207638453,0.0148694593443898,0.2342560927543593,1.0,0.0,0.0,1.0,0.0
4.606597548781137,0.6907332766349354,0.3229800610986029,1.0,0.0,0.0,1.0,0.0
57.08045370328905,0.1762615057858156,1.961452795878271,1.0,1.0,0.0,1.0,0.0
38.71573631422383,26.51417768884248,3.4594466307995484,1.0,0.0,0.0,0.0,0.0
11.067598338152164,84.05364603739382,1.1719111528449386,1.0,0.0,0.0,1.0,1.0
2.988471713909646,0.0473616911443515,0.2177557182811771,1.0,0.0,0.0,0.0,0.0
6.876237184112752,0.6533453245043993,2.102692211797264,1.0,0.0,0.0,1.0,0.0
14.702403660271887,0.4316743688764765,0.2879451334685024,1.0,1.0,0.0,0.0,0.0
15.89743328600817,0.329607889855266,2.2049547442450868,1.0,0.0,0.0,1.0,0.0
7.584082238746634,0.1281438586895418,1.412458927506635,1.0,1.0,0.0,1.0,0.0
11.939594907499542,1.6233719331834235,2.4538152244694524,1.0,0.0,1.0,1.0,0.0
21.045069911635792,0.0448675394920417,2.102062070419015,1.0,1.0,0.0,1.0,0.0
6.3299879842894,0.3438989767563163,4.040092663576776,1.0,0.0,0.0,1.0,1.0
47.54643820128109,5.064891371512607,10.062803292161236,1.0,1.0,0.0,0.0,0.0
21.076819946654144,1.337964474377246,0.6848810472935777,1.0,0.0,0.0,0.0,0.0
22.84200227538643,2.4908062476799864,0.1353329326517288,1.0,1.0,0.0,1.0,0.0
71.08343556484176,0.0865827556391707,2.053972924642531,1.0,0.0,0.0,0.0,0.0
42.345192076189086,33.28225660852887,1.204858906396091,1.0,0.0,0.0,1.0,0.0
5.286900508831144,15.929293026079035,1.4868410046448524,1.0,0.0,0.0,0.0,0.0
3.0405903971622266,0.4003511506371665,0.2513217694518841,1.0,1.0,0.0,1.0,0.0
3.590047479650764,12.370421769518297,1.488794468229874,1.0,0.0,0.0,1.0,0.0
2.0167990523041888,0.4099560991522468,3.3811893386941363,1.0,0.0,0.0,0.0,0.0
13.653471834472844,0.6009984438985031,0.4806545169851335,1.0,1.0,1.0,0.0,0.0
0.9966941557665964,2.1824945902161863,0.488492929130192,0.0,1.0,0.0,0.0,0.0
19.20024069810683,3.105265416909171,0.7022405238475519,1.0,0.0,0.0,0.0,0.0
36.942100154302594,1.4361539031237145,1.445951576273101,1.0,1.0,1.0,1.0,0.0
0.6391038928571969,2.249379860968081,0.6788745153244813,0.0,0.0,0.0,1.0,0.0
11.909463153049607,4.660156268483951,5.082795884861403,1.0,0.0,0.0,1.0,1.0
16.57275167835398,15.284711400562468,0.6077897768738092,1.0,0.0,0.0,0.0,0.0
70.0158709309765,0.7473522657173555,1.0303091612070263,1.0,0.0,0.0,1.0,0.0
7.840242733102625,1.7435680282117334,2.92619069494504,1.0,1.0,0.0,1.0,0.0
3.075791508988904,1.0033753430279777,1.97292393739318,1.0,0.0,1.0,1.0,0.0
28.37594133620001,0.0573604604709499,1.615531055497355,1.0,0.0,0.0,1.0,0.0
17.882102458232335,0.7499491879224937,0.5739823270157969,1.0,0.0,0.0,1.0,0.0
5.503366783043297,0.229677784059079,0.7059987753637675,1.0,1.0,0.0,1.0,0.0
3.2935834999840616,0.6929142322684423,1.106674466779494,1.0,0.0,0.0,1.0,0.0
3.051006571730025,16.705953262203018,0.40020460939114,1.0,0.0,0.0,0.0,0.0
7.557172525183062,3.261983120922612,0.3119528505814055,1.0,1.0,0.0,0.0,0.0
1.342403588875579,0.3089839643996788,3.4920496916946018,0.0,1.0,0.0,1.0,0.0
4.186558789641564,0.4115281336584336,10.748318720748491,1.0,1.0,0.0,1.0,1.0
33.12587623220949,1.5496127365726196,1.3290694225579325,1.0,0.0,0.0,0.0,0.0
4.70530711698865,1.7933720457158462,1.578130262338051,1.0,0.0,0.0,1.0,0.0
60.62296838204267,0.6487750899190216,0.1815674777666764,1.0,1.0,1.0,1.0,0.0
35.58132866911001,1.4232551167763037,1.1076866983795592,1.0,1.0,0.0,0.0,0.0
185.20382715120212,13.633822849707691,1.6136920344056758,1.0,0.0,0.0,0.0,0.0
8.351538993778501,4.24811297242276,2.108120315902711,1.0,0.0,0.0,1.0,0.0
34.42343707253871,2.58809611508854,0.5427536155280027,1.0,0.0,0.0,1.0,0.0
12.055936160293443,0.3222066872966909,0.656243902902153,1.0,1.0,0.0,1.0,0.0
20.628390590078247,0.9871621675568072,0.4727072945527247,1.0,1.0,0.0,1.0,0.0
36.06587199725582,6.025124884549505,0.2960517347378392,1.0,0.0,0.0,1.0,0.0
9.830753919302712,58.390483158075774,1.194526376874885,1.0,0.0,0.0,1.0,1.0
9.892712366123874,0.0233478983721908,0.7127791715482056,1.0,1.0,0.0,1.0,0.0
13.34568516810318,1.0559969232906663,2.248991629636118,1.0,0.0,0.0,1.0,0.0
6.133978736254203,0.0438766931656528,1.12304929658679,1.0,1.0,0.0,1.0,0.0
13.76549748141873,0.8860470689361698,1.3132127274216443,1.0,1.0,1.0,0.0,0.0
1.8340651595208448,0.3690345546713022,1.309870500424818,0.0,1.0,0.0,0.0,0.0
3.653545279584134,0.272031887170197,2.0339184710007814,1.0,0.0,0.0,0.0,0.0
20.961186636540223,0.3763190185992849,5.657720723312886,1.0,0.0,0.0,0.0,0.0
16.27960941324817,0.7991641014439705,1.9205547083609968,1.0,0.0,0.0,1.0,0.0
34.36910312677941,1.8524284611665944,1.2178046620012497,1.0,0.0,0.0,1.0,0.0
17.90404105557154,0.550367861544668,3.197479851290038,1.0,0.0,0.0,1.0,0.0
55.08968153421322,0.4008976863198716,0.4357851522955718,1.0,0.0,0.0,1.0,0.0
1.979398293902604,6.1000766122321695,0.3468922594618256,1.0,0.0,0.0,1.0,0.0
34.43629237165296,1.2410746359342637,0.5908925592734812,1.0,1.0,0.0,1.0,0.0
6.056757555259753,0.7592331869789223,0.4728081200358379,1.0,1.0,0.0,1.0,0.0
43.00192554117431,1.1941455399535543,1.0368941419962574,1.0,0.0,0.0,1.0,0.0
1.8641835001973144,0.2062058755061474,0.1806757411197753,0.0,0.0,0.0,0.0,0.0
6.670024065187459,1.5363301605704236,0.5403910806025453,1.0,0.0,0.0,1.0,0.0
2.903026954470687,0.1524297237658609,1.307143026444281,1.0,0.0,0.0,1.0,0.0
11.982158633340449,0.1343584999680017,0.2348723014094008,1.0,0.0,1.0,0.0,0.0
2.297651224034747,0.6231706365312686,1.2972599185786156,1.0,1.0,0.0,1.0,0.0
4.360749465693492,2.1511780104268445,3.115395234827933,1.0,0.0,0.0,0.0,0.0
15.139859135336923,14.408656497456136,0.7019552259606355,1.0,0.0,0.0,1.0,0.0
4.3734855414175655,0.4266254863933282,2.55021851760306,1.0,1.0,0.0,1.0,0.0
47.49930876764815,2.175250113804787,0.2989106615411092,1.0,1.0,0.0,1.0,0.0
14.79653366630648,0.2610962255846201,0.3219563277033582,1.0,1.0,0.0,1.0,0.0
9.934807124856905,1.057299243851131,0.8572755943389416,1.0,1.0,0.0,1.0,0.0
6.073556938584512,0.1142993563848989,0.2372075598130162,1.0,0.0,0.0,0.0,0.0
6.698235151916004,0.4605193003350753,2.7897661390563355,1.0,0.0,0.0,1.0,0.0
7.995474750651991,0.1067701678345166,0.2383289105594876,1.0,1.0,0.0,0.0,0.0
22.631680868517503,0.0723494226502798,0.4500655029079117,1.0,0.0,0.0,1.0,0.0
42.65525028225537,1.5316244539262305,1.6877274967086455,1.0,0.0,0.0,0.0,0.0
10.153543200721757,0.6440032391058889,0.0826477309997241,1.0,0.0,0.0,0.0,0.0
2.4355433327631792,0.1675653324086594,0.4903661066618044,1.0,0.0,0.0,1.0,0.0
40.59257649409368,2.399223092834924,1.611971303744354,1.0,0.0,0.0,0.0,0.0
15.237070562472576,0.4895479510427544,3.241408224564704,1.0,1.0,1.0,1.0,0.0
24.86812558029524,0.2421583247835778,4.839551030642415,1.0,0.0,0.0,0.0,0.0
5.104364154958935,11.94571016269658,1.3002234894231302,1.0,1.0,0.0,0.0,0.0
46.30991913809226,0.0927948798559546,0.8396980935333512,1.0,0.0,0.0,1.0,0.0
0.3341366510013034,4.505280459326877,0.2599146760508123,0.0,1.0,0.0,1.0,0.0
